contract,expiry,strike,bid,ask,quote,market_iv,fair_at_entry,expected_value_at_exit,delta,elasticity,expected_ret_net,ret_sd,edge_per_risk,cost_bps_of_spot_per_delta,volume,open_interest
TLT261130C00076000,2026-11-30,76.0,2.91,2.94,live,0.16393057346343992,2.3596458385537042,2.5339854022836588,0.6570311643320863,21.573905704960488,0.05515813504717104,0.40465988272075765,0.13630739641476602,8.446812524328752,116,164
TLT261106C00076500,2026-11-06,76.5,2.18,2.21,live,0.16600421428680417,1.3723712399422603,1.5616990738095653,0.6443581580133954,36.37854743155788,0.1049794483695401,0.7914189680006661,0.13264712195961892,8.612941418892062,426,158
TLT261106C00075500,2026-11-06,75.5,2.87,2.91,live,0.1700258207321167,2.164041591856499,2.3900669519582394,0.796612295858978,28.52141270740467,0.07898747996613031,0.5959829781238181,0.13253311397380266,8.586955913768344,24,271
TLT261120C00076000,2026-11-20,76.0,2.76,2.79,live,0.1680150175094604,2.1174091588561064,2.295740679215752,0.6688189915490929,24.473351073251976,0.06327128003510962,0.4810282499374018,0.13153339755688648,8.297938811367105,597,1553
TLT261130C00078000,2026-11-30,78.0,1.77,1.79,live,0.15773250102996828,1.2336244323912402,1.3534790956137022,0.45175163270095353,28.373074575317283,0.06947681444504394,0.5302540853991492,0.13102551466952908,9.428108638229997,2303,1287
TLT261130C00077000,2026-11-30,77.0,2.3,2.33,live,0.160902943611145,1.7467620986618249,1.8944540663375924,0.557590351294899,24.73267671838037,0.05920613677972031,0.46228171826658915,0.1280737144478148,9.953219339011538,389,1145
TLT261106C00075000,2026-11-06,75.0,3.25,3.3,live,0.17230511188507075,2.6083238556858244,2.846044824758444,0.8535909595138397,25.355835420671262,0.06618660131292264,0.522928588559288,0.1265691009460245,9.525792385020216,151,442
TLT261120C00078000,2026-11-20,78.0,1.61,1.63,live,0.16164556980133055,0.9924339077666408,1.1091047775663112,0.43074497927020444,33.62855922057559,0.08292998099834215,0.6604726479591038,0.1255615675450002,9.887900441273818,5607,15028
TLT261120C00077000,2026-11-20,77.0,2.14,2.17,live,0.16482172489166252,1.4943715860600164,1.6418230682706334,0.5536915835529718,28.707736517861758,0.06890523126837067,0.5603338546299681,0.1229717438969918,10.023304006432701,878,3624
TLT261120C00075000,2026-11-20,75.0,3.45,3.5,live,0.17142538547515868,2.8542438616656804,3.0598179616029832,0.7673511469879271,20.830164599136612,0.04940635994457532,0.41475969603319734,0.11912044592833541,10.59636164482981,593,961
TLT261106C00077000,2026-11-06,77.0,1.86,1.9,live,0.1634392976760864,1.0375846243209812,1.2026570854204977,0.5535749134124528,41.33733783649685,0.10532288366729547,0.9198442887471897,0.11450077470257844,12.356908702273795,133,945
TLT261106C00077500,2026-11-06,77.5,1.58,1.61,live,0.16172554492950436,0.7572202814165425,0.8953945916142951,0.45781077559278727,46.84393867978959,0.1222188666058941,1.0754501922609847,0.11364437654611033,12.122517344788408,3089,1114
TLT261120C00080000,2026-11-20,80.0,0.84,0.85,live,0.1582980394363403,0.3678293825420914,0.42571253197386644,0.21105747797658064,44.45738942636029,0.09196005117769723,0.921275463950776,0.09981819203491854,14.06492630305913,11060,38080
TLT261106C00078000,2026-11-06,78.0,1.32,1.35,live,0.1603145551681518,0.5316872318825967,0.6420932405065141,0.36336878814203805,52.951835659778865,0.12185026106716634,1.2615332325742254,0.09658902193049994,15.273240985093127,19689,13515
TLT261130C00079000,2026-11-30,79.0,1.32,1.35,live,0.15539608478546146,0.8328184179456072,0.9253341306140723,0.3473900029821718,32.31890411792233,0.05795931777701391,0.6094875678539591,0.09509515999004214,15.975759291033528,360,2685
TLT261130C00080000,2026-11-30,80.0,0.96,0.98,live,0.15312821865081788,0.5323278066575691,0.5996694777448387,0.252056412715424,36.68666460606357,0.06257276083807572,0.7015112976435028,0.08919708214004307,16.89765963388138,283,4938
TLT261120C00079000,2026-11-20,79.0,1.17,1.2,live,0.15952622890472412,0.6208351207078524,0.7067978985548757,0.3125051967256336,39.000537958862026,0.06688530093088874,0.782013459848731,0.08552960321658237,17.759125691042843,4592,17399
TLT261120C00074000,2026-11-20,74.0,4.2,4.3,live,0.17536701679229733,3.689625711341964,3.9173814767922157,0.844526903870381,17.734575934288653,0.030633185934687557,0.3601948368515619,0.08504615502667975,17.269323429462464,1,213
TLT261130C00075000,2026-11-30,75.0,3.55,3.65,live,0.16572430133819577,3.0557645496873063,3.253850516313726,0.7461452471521918,18.918779674967972,0.027338924846529444,0.35489976457290207,0.07703280637401942,19.546339407085213,92,406
TLT261106C00078500,2026-11-06,78.5,1.09,1.12,live,0.15818378925323484,0.35479596623187426,0.43817500111200813,0.27472751005233365,59.994730569133885,0.10730658445393004,1.4865713018420517,0.07218394726237717,20.20117703792167,876,1696
TLT261106C00079000,2026-11-06,79.0,0.89,0.91,live,0.15689276218414305,0.22777268338915257,0.287606063268475,0.19816081176113454,67.4071189398675,0.10985010483785418,1.7551586990863262,0.06258699278591633,21.493470039557632,317,2083
TLT261130C00081000,2026-11-30,81.0,0.68,0.7,live,0.15184861660003662,0.32587579463561184,0.3723092439035941,0.1730712441695762,41.14929921150405,0.03923597835612025,0.8057368600951925,0.04869577190682921,24.609307519793397,170,3332
TLT261120C00081000,2026-11-20,81.0,0.57,0.59,live,0.1567956495285034,0.20154457599908993,0.23716240372776407,0.1313981049196674,50.51351821205308,0.012005929139393245,1.0933963690289559,0.010980399678897506,32.41419252740578,24592,31993
TLT261106C00079500,2026-11-06,79.5,0.71,0.74,live,0.1553218221664429,0.1380933295037759,0.17895629872911423,0.13513180875341785,75.81838336048695,-0.013390476790642758,2.0897450606935144,-0.006407708309739428,41.06967204058998,339,2680
TLT261106C00080000,2026-11-06,80.0,0.57,0.59,live,0.1545620584487915,0.08069023003189944,0.1074423780663119,0.08801701005691531,84.5152905374178,-0.064284773927759,2.4947020664164854,-0.02576851752886903,48.39023125016653,1836,5385
TLT261106C00080500,2026-11-06,80.5,0.45,0.47,live,0.1547791337966919,0.0467959058175449,0.06310236039256872,0.05543081301930497,91.77682328788457,-0.26373815508852205,2.9340453291911213,-0.08988891632469471,76.83747068835184,992,1337
TLT261106C00081000,2026-11-06,81.0,0.35,0.37,live,0.15367661952972417,0.02469642628509414,0.03405757129895915,0.03220148915865617,101.02560829284093,-0.5738083886826879,3.530170615431381,-0.16254409522712812,132.26604054295566,222,2403
