entry,exit,spot_entry,strike,iv_entry,call_entry,call_exit,delta,etf_ret,rf_window,call_ret,call_overlay_ret,delta_hedged_pnl,cost_share_of_premium,model_expected_ret,model_expected_ret_net
2002-11-25,2002-11-29,85.87999725341797,86.0,0.193343994140625,1.6929677461528307,1.5019394775824764,0.4754422124689891,-0.004242495547127789,0.0001433004976687524,-0.1310514743987019,-0.0053494223971484,-0.00039747434004201,0.01949239734483457,0.08323154897591989,0.06312393323677523
2002-12-26,2002-12-31,88.05999755859375,88.0,0.1897760009765625,1.7605866205352687,2.1637957453621692,0.4856487091174656,0.010443006905058906,0.00013710943706346512,0.2083236239297055,0.008787989352867719,0.001766150920183005,0.018743752573768313,0.08348702593341484,0.0641421411480314
2003-01-28,2003-01-31,87.6500015258789,87.5,0.1870239990234375,1.8326133382227006,1.8563506867152038,0.5042366104177588,0.004277406157658659,0.00013706974940830285,-0.005009239464142112,-7.824466531258786e-05,-0.0020878226827449353,0.01800707182018219,0.08223802039426942,0.06365780325650983
2003-02-25,2003-02-28,89.12999725341797,89.0,0.16495999755859375,1.6173112611572815,2.311086368191342,0.49763760827362047,0.014633100938729672,0.00014044308351368606,0.40443784587823917,0.015032879320314364,0.00030224097954944525,0.020404235593083398,0.09398071413596543,0.07283342337805387
2003-03-26,2003-03-31,87.48999786376953,87.5,0.18608000488281248,1.7113098154737283,2.249390912253722,0.48449771524313456,0.015716255661409172,0.00013460921187147257,0.2923244747521654,0.012044586851419964,-0.0016580461714301067,0.019283474974322444,0.08511332179093833,0.06520119402002544
2003-04-25,2003-04-30,88.91999816894531,89.0,0.146656005859375,1.2657572877454017,1.3481013236467458,0.4581375272439947,0.005560222027603823,0.00013278365275670723,0.03848216451793851,0.0013398696735077943,-0.0018046367250612962,0.026071349001498084,0.11205108827119181,0.08487335780358074
2003-05-27,2003-05-30,94.12000274658205,94.0,0.1593760009765625,1.617045960809973,1.7737331822319455,0.4908324134099823,0.004698648406372641,0.00012798165057503752,0.07571701341090153,0.002800834036418991,-0.0008384003150208624,0.02040758321023257,0.09854476138147406,0.07734793595170464
2003-06-25,2003-06-30,93.66000366210938,93.5,0.169743994140625,1.7500701150478253,1.0407956335301902,0.4981625618778639,-0.012784549497117536,0.000103733745102641,-0.4201783304239469,-0.015809061669552368,-0.0014029903937179211,0.01885638736199903,0.09126774400520254,0.07173502493441064
2003-07-28,2003-07-31,84.41000366210938,84.5,0.2021760009765625,1.7534195242390929,1.5172510794383567,0.47845214320219004,-0.017695814404973965,0.0001127423325730792,-0.15207948221061318,-0.006557069189438576,0.00547772629402409,0.018820367598176797,0.07791757994161852,0.058546281077747064
2003-08-26,2003-08-29,83.37000274658203,83.5,0.2092800048828125,1.784415394521425,1.7530612909389365,0.4772029032615977,0.0029593122682917807,0.00011571874925930814,-0.035734107098123746,-0.0015070904755306765,-0.001978773282209397,0.018493451749697836,0.07676573561076139,0.05773839277065895
2003-09-25,2003-09-30,86.69999694824219,86.5,0.18031999511718752,1.7333200224429048,2.4952747173771495,0.5012196591693154,0.017131365074421766,0.00010932938069019293,0.41658838371077667,0.0168795728334403,1.1380802646299983e-06,0.01903860774278168,0.08590925615228984,0.06624008887503874
2003-10-28,2003-10-31,85.55000305175781,85.5,0.18643199462890625,1.708356376278024,1.4706644115089749,0.490379672608211,-0.004608192144534273,0.00011167082118279659,-0.15693594463393,-0.0063453441952949175,-0.0007148448994104069,0.01931681261488116,0.08414699498590328,0.06421001594798925
2003-11-24,2003-11-28,85.79000091552734,86.0,0.175952001953125,1.4572452445735755,0.9888927548097838,0.45811111384248104,-0.008093776226655568,0.00010909126880043196,-0.3401893859266407,-0.012651621169910096,-0.0019349280242833653,0.022645467619732452,0.09364707499363223,0.07020667587133311
2003-12-26,2003-12-31,86.9800033569336,87.0,0.18596800537109376,1.6742072554739331,1.0554203387243084,0.47980007341472636,-0.013391387998288472,0.00010381311392859693,-0.3855113974576977,-0.015518410232731114,0.0013257101174430094,0.01971082128099988,0.0855992834343855,0.06524544153464107
2004-01-27,2004-01-30,87.38999938964844,87.5,0.17855999755859375,1.588207419346231,1.412469697164936,0.4740895972058843,-0.004404334428139522,0.00010837693085963274,-0.1300783679721106,-0.004934059905470096,-0.00011222206924186402,0.02077814245042635,0.089859810080271,0.06837135277608963
2004-02-24,2004-02-27,88.04000091552734,88.0,0.14550400390624998,1.3429878455755593,1.5708619262074934,0.48121672149782785,0.006641789643589924,0.00011143271135316546,0.14334374615128054,0.004707597458536097,-0.0008005634673441817,0.024572076440391995,0.10929747139653667,0.08369708931786635
2004-03-26,2004-03-31,89.77999877929688,90.0,0.16848000488281248,1.488890379956989,1.2437925605711013,0.4636241127069492,-0.002961672282732852,0.00011024214592847414,-0.184734686157509,-0.006574906450602745,-0.0015422839848727055,0.02216415690788015,0.09664420725940404,0.07366370341111406
2004-04-27,2004-04-30,84.5,84.5,0.191952001953125,1.7264933491470544,1.282835401793645,0.488665602411299,-0.010577114404708253,0.00011345667247009139,-0.27347089281015624,-0.011434855123434411,-0.0002769849825074355,0.019113887705564058,0.08191637053602108,0.06220796480363289
2004-05-25,2004-05-28,82.23999786376953,82.0,0.165743994140625,1.5482902365513023,1.977789393994896,0.5080674483551981,0.01005822303418964,0.0001249258413851262,0.25338805686662047,0.009609626702834493,-9.04566930310541e-05,0.02131383329879091,0.09270569144178187,0.07063906353075255
2004-06-25,2004-06-30,83.12999725341797,83.0,0.1615199951171875,1.4736142994515522,1.5098087192590024,0.49671428952126717,0.005855199922283738,0.00015500800146717175,0.0021437414624005946,0.00022677615009643426,-0.002671708652400755,0.02239391950273684,0.09628965059961647,0.07307748543374681
2004-07-27,2004-07-30,83.41000366210938,83.5,0.15166400146484374,1.2883151688372663,1.8806931734594088,0.47293313869835096,0.013747285600506266,0.00016941432520756194,0.42870286764110044,0.014344178454252397,0.00041146581125785356,0.02561485015330779,0.10589229855463667,0.07926230240191345
2004-08-26,2004-08-31,86.87999725341797,87.0,0.164047998046875,1.4531061893686699,1.7651541699312656,0.4740002615408869,0.009844115023122503,0.00018175704391976133,0.18987942659827284,0.006951381674701322,-0.0012639498891981516,0.022709971398812562,0.09788408706051666,0.0743300984566928
2004-09-27,2004-09-30,89.81999969482422,90.0,0.1494239990234375,1.331479553438122,0.6498584442271865,0.46539029506225765,-0.01787913979001581,0.000200370525113458,-0.5301423952523918,-0.0169017350103527,0.0005459976862345507,0.024784458698436644,0.1075820253156845,0.08178407954639422
2004-10-26,2004-10-29,89.62000274658203,89.5,0.147056005859375,1.4497620341965078,1.3480528758989139,0.4966251754490127,-0.002407625041737682,0.0002229530716810757,-0.09187249970051414,-0.0028110505338361466,-0.00013742997970690764,0.022762356318904,0.10581818488658867,0.0821211926435419
2004-11-24,2004-11-30,88.83000183105469,89.0,0.1331199951171875,1.173900747131583,0.45323529035238486,0.46416794478270945,-0.021676667069822676,0.00025561701414100746,-0.6331191059777539,-0.018030399266167986,0.0017630493338540206,0.02811140556868648,0.12122242951488449,0.09182042336583551
2004-12-28,2004-12-31,87.83000183105469,88.0,0.1372800048828125,1.2084573680215922,1.7003243230209846,0.46773476454800017,0.011635279459217563,0.0002604591155108693,0.3745983060132947,0.011422463026462383,0.0017658812515782578,0.027307541724889688,0.11622893222372577,0.08772363212655865
2005-01-26,2005-01-31,90.70999908447266,90.5,0.12510400390625,1.3148012343711708,1.776656775902136,0.5121487981046692,0.010623401629476793,0.00028411420988994074,0.3221326101553055,0.009507205306469346,-0.0005544400516074181,0.025098850790007732,0.12195868781643937,0.09565936693771371
2005-02-23,2005-02-28,90.76000213623048,91.0,0.13070400390625,1.1958750506358495,0.8814310376351354,0.4687888919443313,-0.008553230936551625,0.0003149933856501086,-0.28658129579496994,-0.007860050854594663,0.00035767233812606107,0.027594856153620586,0.1222874390132549,0.0934038499577452
2005-03-28,2005-03-31,87.7300033569336,87.5,0.142256005859375,1.4716973573916565,2.345065010176181,0.5192241937639245,0.01783721769620823,0.00032963939786379015,0.5646883114061065,0.01876759077063062,0.00048569170642944907,0.022423088438839844,0.10512745120910694,0.08178739972169602
2005-04-26,2005-04-29,91.5999984741211,91.5,0.1267199951171875,1.3161816964219395,1.7537349321753626,0.5051876871760271,0.008769165904039379,0.0003366647589739813,0.3035632865969353,0.009069304361071069,0.00014403465635081273,0.02507252614871565,0.12134227951486065,0.09507783264358527
2005-05-25,2005-05-31,93.7699966430664,94.0,0.11849599609375,1.0996005955596473,1.6197130992223676,0.4621168261381907,0.012717097121059685,0.00034226126508341004,0.4364413974875332,0.01157466962275553,-0.0005150127494040287,0.03001089680494806,0.13618640236728186,0.10460584790893934
2005-06-27,2005-06-30,96.6500015258789,96.5,0.1192,1.3422301525130669,1.3088880904859153,0.5135745649699881,0.00011717654321103977,0.0003640521087511228,-0.048826517836854655,-0.0009824582400710102,-0.0006106408524170502,0.024585947453358778,0.1265695618968965,0.10074515687695929
2005-07-26,2005-07-29,93.36000061035156,93.5,0.11851199951171874,1.149848376553626,0.9726181373849666,0.4777399466526386,-0.003078006959557222,0.00039683819827240896,-0.18024652273264719,-0.004327031301928295,-0.0006190579705190316,0.02869943609339954,0.1339693389597938,0.10378067937861624
2005-08-26,2005-08-31,94.47000122070312,94.5,0.11780799560546874,1.2213186746776243,2.0524497421399617,0.49452383501262115,0.015689546598626824,0.00041390629529791667,0.6447883553463121,0.017487077381611822,0.0008410765036533308,0.027019974953474434,0.13270554847772087,0.10427679532528766
2005-09-27,2005-09-30,92.31999969482422,92.5,0.12144000244140625,1.1436409123822644,1.0262234776381731,0.4719111980507295,-0.0017002594134576828,0.00040680117953750816,-0.129654452436489,-0.0030565984080006187,-0.0006584358214485723,0.02885521114425616,0.1311256381359085,0.10081589502286148
2005-10-26,2005-10-31,89.27999877929688,89.5,0.13135999755859376,1.1782090597757338,1.2552906869046059,0.46770345998872087,0.005200068117708856,0.0004533224577256689,0.03689737410809202,0.001496033690632035,-0.0017559375561040185,0.028008611651892567,0.12207371903871911,0.09276598417420612
2005-11-25,2005-11-30,90.51000213623048,90.5,0.11529599609375,1.14251869300299,0.8104682250803553,0.49405428361678083,-0.006034406839508888,0.00045915755781322787,-0.3149651253482353,-0.007716342398959609,-0.0008847831838929929,0.028883553680214176,0.13632010348031431,0.10590706362148783
2005-12-27,2005-12-30,92.5500030517578,92.5,0.10948800048828125,1.1360765215614503,0.9948371684982991,0.5011183452190533,-0.003296497495251227,0.00046241252652312603,-0.15117378308825935,-0.0033059780506091117,0.00199339092265578,0.029047339130505067,0.14071058464939212,0.11006470215400443
2006-01-26,2006-01-31,90.51000213623048,90.5,0.119856005859375,1.241725800358383,1.1726898698192498,0.508016491872819,0.0013687302674029848,0.0005163983746558909,-0.08109508683582078,-0.0017168420547259465,-0.0016607728454834097,0.02657591554470048,0.1282111482507391,0.1003024184057979
2006-02-23,2006-02-28,91.19000244140624,91.0,0.09247999877929687,1.0658067122401313,1.0263814961508833,0.5388147707807152,0.001353870620823994,0.0005337854189000346,-0.06691745996783494,-0.0009519914898867166,-0.0013777106965541903,0.030962462162243302,0.16006715201139654,0.1271364609188328
2006-03-28,2006-03-31,87.93000030517578,88.0,0.1,0.9666380603750485,0.5560200297423589,0.4943416105222499,-0.012455105361243323,0.0005363657056367543,-0.451226586084418,-0.00968151619900974,0.001289467408605521,0.03413894129845895,0.15582867724200433,0.11964741785619304
2006-04-25,2006-04-28,84.12999725341797,84.0,0.10735999755859375,1.0899503740735075,0.9780312647332555,0.5245043715839408,-4.390388969448511e-05,0.0005544278421578674,-0.13097660115267318,-0.00274364444791856,-0.001517385071223719,0.03027660780248922,0.14033136624307296,0.10841356100704314
2006-05-25,2006-05-31,84.2699966430664,84.5,0.1099199951171875,0.9443022419068731,0.5397836883622888,0.47080295835047276,-0.0075199135609097965,0.0005598663534829296,-0.4553679565487433,-0.01048137602756999,-0.00144817256181349,0.034946438264682696,0.14602633866621195,0.10917230872794237
2006-06-27,2006-06-30,83.66999816894531,83.5,0.108,1.1196800822864472,1.4003699789924247,0.5332904603795277,0.007368801038861461,0.0005812633590236427,0.2180023224905745,0.006117507123905828,-0.0007882122352173976,0.029472704321588196,0.1379040056110794,0.10685662444101474
2006-07-26,2006-07-31,85.33999633789062,85.5,0.10192000122070312,0.9190768071882023,1.0370804414892365,0.48158956823793747,0.005107342570173046,0.0005892029744090088,0.09085692767064812,0.002644063039221214,-0.0012695577138264178,0.035905595421300285,0.15546168751283695,0.1174475794559584
2006-08-28,2006-08-31,87.5199966430664,87.5,0.09135999755859374,0.9229995135365499,1.2087537185575417,0.5098601424902478,0.005998440606397715,0.0005880120421100088,0.2690306928095698,0.006239850905508189,2.6266006264402436e-06,0.035752998258425664,0.16772211799484604,0.12965140648135542
2006-09-26,2006-09-29,89.93000030517578,90.0,0.1067199951171875,1.0578384631929205,0.6971684331368712,0.4956900249796748,-0.006183225480968546,0.0005653842928212693,-0.3664301740496816,-0.008279398218161729,-0.001144366515243884,0.031195689274139876,0.14591703358568098,0.1129594208153697
2006-10-26,2006-10-31,88.45999908447266,88.5,0.09327999877929688,0.9287749342757881,1.6721039102703734,0.5014659246026894,0.014861300107176857,0.0005907909183546778,0.7514522497508052,0.0165911451240159,0.0007500649292780495,0.035530674636188087,0.16580393310356056,0.12799930759152667
2006-11-27,2006-11-30,90.9499969482422,91.0,0.10415999755859374,1.0608507684647968,1.3513744551308167,0.457678761142778,0.005975717917818324,0.0005840422613154761,0.2390342070605158,0.00675555038032305,0.000275636811539868,0.031107108540587416,0.14838520346843387,0.11548194030211856
2006-12-26,2006-12-29,89.66000366210938,89.5,0.10335999755859375,1.1661611564572627,0.6978795386099353,0.5379995510206992,-0.010773955283371483,0.0005778890392698077,-0.42385903613250353,-0.009828326742688895,0.0021577027440905132,0.0282979756419364,0.14220892758981707,0.1123217133930523
2007-01-26,2007-01-31,86.91000366210938,87.0,0.09647999877929687,0.9130591480506662,1.1632420499511766,0.49087773736425694,0.0069641079360140525,0.0005947607180101233,0.23364075578832644,0.005672560455652296,-0.0007361471373693325,0.03614223686434037,0.16234892343580642,0.12396647374284075
2007-02-23,2007-02-28,88.83999633789062,89.0,0.09247999877929687,0.8721541139593348,1.6891403194216046,0.48245348682320877,0.014345763103049648,0.0005983335713917182,0.882217494013813,0.01887722252708271,0.002082053606320784,0.03783734946819119,0.17169257871626775,0.1313698851216054
2007-03-27,2007-03-30,88.75,89.0,0.1115199951171875,1.025829225708422,0.719063964893582,0.4759719775319913,-0.005696405371197577,0.0005848362015274944,-0.3259673166929743,-0.007472801198782631,-0.0009358631025839293,0.03216909712940836,0.1427544554152349,0.10883479966508358
2007-04-25,2007-04-30,88.48999786376953,88.5,0.09247999877929687,0.9399465650034697,0.9950426910461707,0.5082329756986473,0.002538167863200114,0.0005721329040082601,0.02310231104507232,0.0010512793959089454,-0.0008706693999510198,0.03510837874052786,0.1673702572332849,0.12998018176762693
2007-05-25,2007-05-31,86.37000274658203,86.5,0.09104000244140625,0.834287611358421,0.7394567306305874,0.4822078060162299,-0.00028383283326132125,0.0005608190768069399,-0.1502500495085145,-0.0025199321400715576,-0.0011537606434237236,0.039554704577559364,0.17448398290245803,0.13231248764454784
2007-06-26,2007-06-29,84.23999786376953,84.0,0.1235199951171875,1.3048851810620086,1.7881456675117362,0.5384611719983272,0.0106394026513152,0.0005536735925726344,0.3407488542348034,0.010463929053485671,-0.0002078415037752006,0.025289581396841558,0.11961171575052898,0.0931443436238224
2007-07-26,2007-07-31,87.02999877929688,87.0,0.1496,1.5017960824836063,1.7230081626592022,0.5122363741492136,0.006839285938920092,0.0005633994100535666,0.1239626989405922,0.004766112801138412,-0.0011662569012551162,0.021973688961437435,0.10230389515911176,0.07945722205607453
2007-08-28,2007-08-31,88.45999908447266,88.5,0.17055999755859375,1.6794875152997388,1.8356599728023624,0.5020088797108165,0.004348477414595831,0.0004703116766333615,0.07262580437147559,0.0032260229808222115,-0.0006180234381191997,0.019648851033054852,0.09109765525581603,0.07075368986664698
2007-09-25,2007-09-28,87.83000183105469,88.0,0.1704,1.5853652214932659,1.9100762775392928,0.48646806877506016,0.009734147903970937,0.00043319745401748655,0.18210711621174513,0.0072443612723067695,-0.0012324402367137116,0.0208153929155309,0.09302246930397429,0.07146330797121125
2007-10-26,2007-10-31,90.5,90.5,0.16326400146484374,1.6307287179318095,1.0429837112846732,0.4989328192607559,-0.006146061490713883,0.00045840334853330944,-0.3768420255728162,-0.013305783280909226,-0.0036276421603965224,0.020236351783791868,0.09545679261355677,0.0744669709198611
2007-11-27,2007-11-30,94.66999816894533,94.5,0.213439990234375,2.3031319860007082,1.991092271107169,0.4893488202264062,-0.0034630614131482716,0.0003540100087240372,-0.14874761038643225,-0.007111690048106042,-0.0017970646699711167,0.014328314747303351,0.07260602337259625,0.057863167785142
2007-12-26,2007-12-31,90.44000244140624,90.5,0.2260800048828125,2.243093275349498,3.853602027813938,0.5003516241340499,0.03248170945467828,0.0003722683909079816,0.6981383639586383,0.03521436315522774,0.003423211906616998,0.014711826905574512,0.06824258582097942,0.05313986665539505
2008-01-28,2008-01-31,95.58999633789062,95.5,0.2723199951171875,2.936453670214644,2.2038517906902637,0.5120949281238428,-0.006676869840542543,0.00026034004448161063,-0.25926647181996954,-0.015395484497802942,-0.004449688464694654,0.011238045515490057,0.055939525663238454,0.044451705005700726
2008-02-26,2008-02-29,91.11000061035156,91.0,0.2387199951171875,2.440699429236989,4.277040108816292,0.5085024513669308,0.03384409212568103,0.0002325576887760583,0.7339008214482932,0.03914433237735818,0.0027418684337315287,0.013520714433205098,0.06463519957829389,0.05077125333620125
2008-03-26,2008-03-31,95.3000030517578,95.5,0.2523199951171875,2.502179750352521,2.3534755045510964,0.4850195261430062,0.005790748100404875,0.00015357928588000114,-0.07214265560200461,-0.003785878883132472,-0.004563105730385706,0.013188500944167092,0.06328098688408201,0.049764327499806305
2008-04-25,2008-04-30,91.81999969482422,92.0,0.2096,1.994820198532914,2.3021390760668354,0.48131412376941196,0.01364858855726987,0.00016092132216893873,0.1363874721359699,0.006360712799695079,-0.0034151250689073687,0.016542844324651303,0.07590938087049093,0.0588795191859377
2008-05-27,2008-05-30,91.1500015258789,91.0,0.19375999755859374,1.9932574379023873,1.6180152712596936,0.5077303038746027,-0.009944333262981208,0.0002210480334325915,-0.2031300688051101,-0.008609759943661975,0.0007293975988828041,0.016555814303007288,0.07913085572386103,0.06206130371103247
2008-06-25,2008-06-30,90.63999938964844,90.5,0.2076800048828125,2.117882579456807,2.830975235965084,0.5075383525166376,0.018355065540290826,0.00020120395960665505,0.3186367163291588,0.014975438969272104,-0.0016518203320174919,0.015581600377705463,0.0739859146578794,0.057952815474430874
2008-07-28,2008-07-31,91.0500030517578,91.0,0.19631999511718753,1.9638702215900874,2.3183864476697105,0.4990781108675973,0.0064092647255311165,0.00019902113279535172,0.16235157576822679,0.007265803151017122,0.0004952249613973659,0.016803554347537733,0.0781462680226166,0.0608316199590635
2008-08-26,2008-08-29,94.08999633789062,94.0,0.17311999511718754,1.7994309174015994,1.491373366655227,0.49937068809932644,-0.003056864029433992,0.0001990211361877492,-0.18781416598952394,-0.007067409563131186,-0.0019472301610427328,0.018339131378076138,0.08949331630172264,0.07050766030093669
2008-09-25,2008-09-30,93.81999969482422,94.0,0.2820800048828125,2.8144335377344976,3.60563194995284,0.4931890794230047,0.010898039037883845,7.897027124093015e-05,0.26782628490286053,0.016460178034371102,0.0028610018437217437,0.011725272442057252,0.05581035983384908,0.0438281389568429
2008-10-28,2008-10-31,95.38999938964844,95.5,0.367839990234375,3.800833490179886,2.0873310063317336,0.5042449822868909,-0.027236704011557023,6.706493578567674e-05,-0.457518969286032,-0.03624813439271432,-0.004430617076892649,0.008682306153442723,0.0429897004413784,0.03415910438682879
2008-11-24,2008-11-28,101.30999755859376,101.5,0.3024,3.2393451485226805,6.013151472805658,0.49255643166839536,0.0431296444294917,5.5555623503789064e-06,0.841811019644654,0.05493019092177178,0.005938512203416798,0.010187244176511977,0.05233096802273862,0.041930147520651495
2008-12-26,2008-12-31,121.3000030517578,121.5,0.3096,3.9995885762227994,2.8493240688093473,0.49528704607616275,-0.013179357694675752,4.166669000049694e-06,-0.2946310782135021,-0.019691477902545305,-0.0015206306321531486,0.008250848648829053,0.05023600306952902,0.04181265945830237
2009-01-27,2009-01-30,109.26000213623048,109.5,0.2259199951171875,2.57511025397425,0.9124019757495321,0.48382808688432005,-0.05082976953014688,2.1031890322209534e-05,-0.6543068255052391,-0.03205737702224835,0.009181635497548083,0.012814985280366169,0.06982238216412728,0.05664444800009316
2009-02-24,2009-02-27,104.7699966430664,105.0,0.247039990234375,2.724394280630217,1.5962130798211849,0.48784572072434434,-0.027985149911483532,3.39289530650877e-05,-0.42365048846102904,-0.022686438261626553,0.002688676561540905,0.012112784201105545,0.06372424293360912,0.05130076120757354
2009-03-26,2009-03-31,103.79000091552734,104.0,0.1928,2.0503654436987255,2.8356776203587546,0.47651709048902496,0.01809928075336238,1.5277855327955336e-05,0.3639870118074744,0.01522586101158853,-0.001248672930020738,0.016094691851843812,0.08245261074372867,0.06582817678164998
2009-04-27,2009-04-30,101.0,101.0,0.20128000488281247,2.1820574351958384,0.9099488725292535,0.4916915310565941,-0.029310983806624825,1.2103223013593123e-05,-0.5936204084431077,-0.026268866862070285,0.0016200971059860804,0.015123341607659503,0.07667582505385617,0.06109053691680244
2009-05-26,2009-05-29,92.12000274658205,92.0,0.233760009765625,2.3730254850309516,3.7064284785675996,0.5022424319654617,0.02185336997756977,1.8254079247492783e-05,0.5442097193283559,0.028124060422021074,0.0032979624189397043,0.013906298186919632,0.06607590829337395,0.05180937181975276
2009-06-25,2009-06-30,94.43000030517578,94.5,0.2576,2.605266527701475,2.453399236022258,0.49416705274916983,0.0010823752652779465,1.9841400975106893e-05,-0.07051249214066824,-0.003942925157632538,-0.0023408914194015104,0.012666650282846345,0.060789588500932634,0.04782007811509481
2009-07-28,2009-07-31,91.1999969482422,91.0,0.2243199951171875,2.2811284560747382,4.41270550269011,0.5056969432948611,0.03918347709791754,2.1230308776098994e-05,0.9133665806875384,0.04552314493191176,0.003355381391533057,0.014466524194251163,0.06859500567542653,0.05373976765667576
2009-08-26,2009-08-31,96.4499969482422,96.5,0.2008,2.046680940636876,2.0082101641534513,0.4866838615342821,0.0011552371828853051,1.6468343946307584e-05,-0.03464106083752527,-0.0015068327406147,-0.001155770885031944,0.01612366605110967,0.07820729922509817,0.06158712803127675
2009-09-25,2009-09-30,97.9800033569336,98.0,0.1771199951171875,1.8288266278428238,2.054527433180983,0.4844557857817369,0.006540505020592402,1.1904808851159743e-05,0.10442639391348574,0.004071123217885324,-0.001058678029023098,0.0180443566916591,0.08879072179062919,0.07011378601702312
2009-10-27,2009-10-30,95.0,95.0,0.18255999755859376,1.8346839990042796,2.1252721146992153,0.48600362410548875,0.0078104729666463426,7.142873980514608e-06,0.1391477647999808,0.005585938026621042,-0.000931517029907398,0.01798674868146764,0.08603481782367695,0.06744154210791664
2009-11-24,2009-11-30,95.5999984741211,95.5,0.1339199951171875,1.3652552260024051,1.8046758216446992,0.485285549789514,0.010374348185777605,4.166672279426464e-06,0.29413356866260676,0.0087643725085464,-0.0006320390085327017,0.02417130465534059,0.11783085565197293,0.09254113106062434
2009-12-28,2009-12-31,89.45999908447266,89.5,0.17311999511718754,1.5986217236599476,1.8790878090641736,0.47795905755086365,0.007991686888611805,7.53970012112859e-06,0.15321822608110014,0.005794822849312399,0.0008377324565480977,0.0206427821614037,0.09065167753472547,0.0692936881188233
2010-01-26,2010-01-29,91.61000061035156,91.5,0.1420800048828125,1.3850633910755754,1.6322327659443405,0.4854504158713972,0.007241570218351212,8.134942609760998e-06,0.15280748358046736,0.004823691463167796,-0.0010112917164815753,0.023825624309060503,0.1109253787724529,0.08607436670155666
2010-02-23,2010-02-26,90.47000122070312,90.5,0.13424000244140624,1.2381703232090355,1.7753275757270932,0.47170685557777503,0.012863599313704023,1.3492124299352426e-05,0.40182448185160613,0.011826885127879523,-0.0003193272272620056,0.026652229811543252,0.11939510638487483,0.091523227526763
2010-03-26,2010-03-31,88.94999694824219,89.0,0.13984000244140626,1.2439898208533124,1.3611955428877354,0.46629813317043056,0.005783979547117468,1.607151443994148e-05,0.06680396829973478,0.002045751157449672,-0.0015655950423395348,0.02652754825386249,0.1159303856096392,0.08823254086312327
2010-04-27,2010-04-30,91.4800033569336,91.5,0.14224000244140625,1.3297710020031075,1.5286354304904515,0.4729423241712992,0.006705303060402912,1.8254078971269294e-05,0.12320285309611179,0.003851392939336445,-0.0011865456015519643,0.024816302920044338,0.11264635660859201,0.08675360185700365
2010-05-25,2010-05-28,98.56999969482422,98.5,0.18031999511718752,1.9124548608027814,0.9593465416592454,0.4911821016746782,-0.021401313039044512,1.9047739559185928e-05,-0.51121378689657,-0.020349192832894932,0.0006456171413532814,0.017255309223950917,0.08658282164232034,0.06873449493613171
2010-06-25,2010-06-30,99.0500030517578,99.0,0.1355199951171875,1.4136777810170855,3.036415758956288,0.4818098127198308,0.026858256064388807,1.6666758818617566e-05,1.111566687051063,0.03332776133991494,0.0032493987283809633,0.023343367522023158,0.11662040133162477,0.09220089413082411
2010-07-27,2010-07-30,98.6500015258789,98.5,0.12335999755859375,1.3123047006952997,2.35472708167187,0.48845729565561774,0.018150860662008172,1.746041897354722e-05,0.7596469070649645,0.020965300530561795,0.001505774285221895,0.025146598943458467,0.12727034602555154,0.10085565868206503
2010-08-26,2010-08-31,108.41999816894533,108.5,0.16704000244140624,1.8832131523138407,1.7557393248951176,0.47966608497305524,0.0008919364484307306,1.6468343946307584e-05,-0.0844726622139067,-0.0030698481679048905,-0.001795118888000066,0.017523242103239356,0.09465075701955739,0.07645762220405805
2010-09-27,2010-09-30,105.3000030517578,105.5,0.1371199951171875,1.374233875685784,1.3790487005447079,0.4520197970325984,0.0015939097891856772,1.726200390561594e-05,-0.020266404402623506,-0.0005753966810255917,-0.0008557351953461912,0.024013379806644638,0.11859641942466781,0.09346088376852424
2010-10-26,2010-10-29,100.0999984741211,100.0,0.15584000244140625,1.6801817641097443,1.7892002401755502,0.49018076664714866,0.0027975099414791595,1.5277855189621548e-05,0.04480420410818353,0.0015640256660482987,-0.0004779142897025924,0.019640732154645943,0.10010579038391354,0.07968254645312456
2010-11-24,2010-11-30,95.73999786376952,95.5,0.1616,1.7229561733466634,3.2246016350295363,0.5012113432654406,0.027488103338925107,1.8254079641399912e-05,0.8443130009175461,0.030623316762139467,0.0017067920682738557,0.019153127926580357,0.0957111004318516,0.07583176475960163
2010-12-28,2010-12-31,91.61000061035156,91.5,0.17631999511718752,1.9064297212591768,3.3922707568695394,0.5203348915247933,0.026998393299932654,1.4881025840907114e-05,0.7555351709156641,0.03049268764671872,0.001962660682566989,0.01730984343771343,0.08461577567673428,0.06672840313347628
2011-01-26,2011-01-31,91.02999877929688,91.0,0.14928000488281248,1.4187124797237647,1.416554784946369,0.47994131774827214,0.0016880666821059269,1.7063589231147702e-05,-0.024496508547753315,-0.0007882223704908701,-0.0010254610362856592,0.023260527042396485,0.10626478353743707,0.08204999344931263
2011-02-23,2011-02-28,91.16000366210938,91.0,0.15471999511718754,1.5469857143733032,2.010422225379981,0.4960375356253683,0.013202479922180333,1.4285782249823242e-05,0.27530568846880143,0.009532767737421826,-0.0016635472512745687,0.02133180655347459,0.1002394938976372,0.07807494750573007
2011-03-28,2011-03-31,92.3000030517578,92.5,0.15008000488281248,1.308339583500192,1.111236232277495,0.4503952248960039,-0.0022413697502868144,1.0714323696037198e-05,-0.17368393433321938,-0.005524752358804088,-0.0013058889215660007,0.025222809441961026,0.10788474058963016,0.08163243151546995
2011-04-26,2011-04-29,93.8499984741211,94.0,0.1300800048828125,1.1403732960346469,1.012638035388264,0.44523181363944697,2.686301901850852e-05,5.555565697035192e-06,-0.13893938186431176,-0.0038413193506494562,-0.0015508251803967167,0.02893789263107876,0.12709639507709092,0.09675850877694714
2011-05-25,2011-05-31,95.69000244140624,95.5,0.1212800048828125,1.2533794179207716,1.592117818094435,0.48792974950298035,0.010050736322928256,4.960325757030759e-06,0.24076175726531757,0.006553088580680215,-0.0015591111456044848,0.026328819133430187,0.13101837029554164,0.10332928217137294
2011-06-27,2011-06-30,95.6500015258789,95.5,0.1340800048828125,1.3817133145091618,0.760315072791938,0.4892632190200511,-0.01660476217235989,2.3809542148978124e-06,-0.4680246103556438,-0.013981147919090066,0.0014319000385969722,0.023883391477430238,0.11507862576105143,0.09011905989015401
2011-07-26,2011-07-29,95.6500015258789,95.5,0.1356800048828125,1.3993443962552365,2.7689955213221027,0.48924473877887903,0.023333704635658047,7.936528741980808e-06,0.9440664020722698,0.02857090048933835,0.0027084914403353176,0.023582471969238437,0.11552305163908105,0.09086912042717121
2011-08-26,2011-08-31,108.48999786376952,108.5,0.1624,1.853908629057518,1.0069642525133167,0.4831031372279732,-0.013857024390149285,1.1904765970793818e-06,-0.47045568699477036,-0.016787884197139842,-0.0013053206864592599,0.01780023000204514,0.09686783260892651,0.07837009970684883
2011-09-27,2011-09-30,117.06999969482422,117.0,0.1716800048828125,2.181250217302512,4.281668451056287,0.493485462057552,0.031462267593047336,1.1904766359371877e-06,0.9406975449154071,0.03578675003462777,0.002218465912344835,0.015128938320891095,0.09027025909163267,0.0745771839625835
2011-10-26,2011-10-31,114.16999816894533,114.0,0.1683199951171875,2.130739793960243,2.9426707719728826,0.5003671698813072,0.014577333156752649,1.388889487641265e-06,0.3627591944801025,0.013636431898161331,-0.00038273123487218613,0.015487578583523532,0.0913078464004149,0.07523764335990335
2011-11-25,2011-11-30,120.8000030517578,121.0,0.16368000488281248,2.0273143097197965,0.7301684760689894,0.4749839677874504,-0.02457228000148275,1.1904765970793818e-06,-0.6508154030065324,-0.023180983275131385,0.0007434611269714429,0.016277693025587663,0.09690269557137321,0.07997410557550833
2011-12-27,2011-12-30,118.4499969482422,118.5,0.15168000488281247,2.0292344076730275,3.578961993947595,0.5048396291918393,0.023238561155787218,5.952382002849532e-07,0.7414098235751958,0.02536465362157289,0.0011496419366616357,0.016262290780808267,0.1000872668057955,0.08314888038949064
2012-01-26,2012-01-31,117.70999908447266,117.5,0.12144000244140625,1.5948036628750022,3.4688239986164704,0.49956773036539137,0.026275699321943468,5.555566002124479e-06,1.142565723742345,0.031313080877700857,0.0025943247785341892,0.020692202286838164,0.12705750192734344,0.10527610243671015
2012-02-24,2012-02-29,117.5,117.5,0.12335999755859375,1.53214272458411,1.3302569252511731,0.4821869976649974,-0.0009961413874610022,1.1309566559258855e-05,-0.15167203874994195,-0.00413475233161986,-0.001430917928920687,0.021538463401937723,0.1275217150256418,0.10485405402116421
2012-03-27,2012-03-30,113.44000244140624,113.5,0.1291199951171875,1.5098878088377066,0.8725818615826924,0.47473671581777543,-0.011331124794654856,8.333356241507772e-06,-0.43914524433042335,-0.012438597174321948,-0.0004286830993276631,0.02185592850465029,0.12310335719388488,0.10015296071477908
2012-04-25,2012-04-30,116.48999786376952,116.5,0.11295999755859375,1.3674597872187968,1.5185413540034567,0.47626272669163605,0.006725263068487264,1.0119081857551393e-05,0.08532153020280786,0.0021382354181358775,-0.002096466416954575,0.024132336693510333,0.14067945190517928,0.1151576041733049
2012-05-25,2012-05-31,123.4000015258789,123.5,0.1139199951171875,1.4386839687689914,4.180441442312259,0.47148692895107885,0.033635332904512885,8.730183996163987e-06,1.8614536248875346,0.04656554531849034,0.006171100497538923,0.02293762960897967,0.14034489099061176,0.116076007152357
2012-06-26,2012-06-29,126.33999633789062,126.5,0.11375999755859376,1.4425107656173095,0.9371840997177692,0.465747968283338,-0.009423176245748887,9.92066755656218e-06,-0.36896689084523204,-0.009138913192598906,0.00020283152142036912,0.02287677900682977,0.14153993396303854,0.11732118949377512
2012-07-26,2012-07-31,130.9499969482422,131.0,0.10015999755859374,1.3499182894192507,0.8614983162216426,0.4725364794870113,-0.009945907629619931,1.1507980859803979e-05,-0.3815961607329039,-0.008415238454392815,0.0007808371786489649,0.024445924067149984,0.1596368815932958,0.13355847732849768
2012-08-28,2012-08-31,125.83999633789062,126.0,0.1028800048828125,1.2799936665547007,2.3552426909874256,0.4605500811626637,0.014539081129507149,1.130956655903681e-05,0.8038982768056206,0.017994627701632952,0.0016641181592610185,0.025781377566362937,0.15829250203497724,0.1308247039251631
2012-09-25,2012-09-28,123.70999908447266,123.5,0.09215999755859373,1.2823158269202213,1.5448170678288373,0.5003354116850269,0.003722967840923808,1.150798044613488e-05,0.17670037287181373,0.003719089490266877,5.9244298534807474e-05,0.025734689775495596,0.16843798894134943,0.14089041362239718
2012-10-24,2012-10-31,121.4800033569336,121.5,0.10735999755859375,1.4853469852173842,2.529477909408554,0.5050713522114914,0.015075026964816508,1.2698466151706e-05,0.6732582840620174,0.016492108901886737,0.0007787139170182404,0.02221703098900515,0.14213113962863932,0.11859667563079324
2012-11-27,2012-11-30,125.29000091552734,125.5,0.08272000122070312,0.9587617454253486,0.6955512578840961,0.4095738469677037,-0.004390994143161508,1.0595275304670082e-05,-0.30372409143564205,-0.00576194472686387,-0.0004663066775519528,0.034419395806577324,0.20700693300462225,0.1696676089048197
2012-12-26,2012-12-31,122.1999969482422,122.0,0.0872,1.324439371173745,0.8403016700273641,0.5317477900781921,-0.0087467746504422,5.3571508793481826e-06,-0.38565330563284317,-0.00795321842152664,0.0004766224316358339,0.024916202823806674,0.16994582560293225,0.1432450612789582
2013-01-28,2013-01-31,117.5999984741211,117.5,0.10192000122070312,1.2948086250810902,1.1286401494994152,0.4880115011367865,-0.0027813519190524215,7.261922269519161e-06,-0.15188527839459498,-0.003463333502101194,-0.0002510701646568193,0.0254863918580503,0.15252809844177873,0.12544315982018373
2013-02-25,2013-02-28,119.33000183105467,119.5,0.096,1.113306125233118,0.6383221025613407,0.4554907742860388,-0.007271548024168783,1.2896880865920224e-05,-0.4496205245541244,-0.009333264541677478,-0.0008504292734836911,0.02964144295270993,0.16976617112320302,0.1380783080253234
2013-03-25,2013-03-28,117.22000122070312,117.0,0.0922719970703125,1.2223815211841451,1.4425767332363217,0.5015709326436119,0.004206835116705232,8.33335602634655e-06,0.1511001728989001,0.003192066820289721,-0.0004321237864680917,0.026996481399712464,0.1686660427028035,0.13978274022978399
2013-04-25,2013-04-30,122.2699966430664,122.5,0.07904000244140626,0.8805578774214257,1.1401114320155161,0.4347998045643328,0.005652262379161899,5.555566002124479e-06,0.2525517698426707,0.00426695345598889,-0.0005087158822107485,0.03747624187592902,0.21319632274876965,0.1724879802387811
2013-05-28,2013-05-31,113.83999633789062,114.0,0.1208,1.3668299165704845,1.6760029721606395,0.46327070865541825,0.00495866309193711,3.968259110642691e-06,0.199643665825457,0.005240490563086263,0.00023346487532779667,0.024143457499672207,0.13380154137477906,0.1083501107283793
2013-06-25,2013-06-28,107.87999725341795,108.0,0.17344000244140625,1.9620906853302742,3.186444218110911,0.4825046442823928,0.023329647921228113,6.269854293527999e-06,0.6021222790613567,0.022893524941892354,-0.00010067538086060757,0.016818794486272784,0.09055210675328551,0.07311843034048482
2013-07-26,2013-07-31,108.13999938964844,108.0,0.13055999755859374,1.5497771474734061,1.2188013757946563,0.4947607435845237,-0.004469002843155811,2.5793671476481705e-06,-0.23238273779700258,-0.00680034589259482,-0.001047529473173257,0.021293384054475017,0.11858060669290071,0.09626234707529613
2013-08-27,2013-08-30,106.12999725341795,106.0,0.15184000244140625,1.768687897085834,1.7639394682326224,0.49588976714884064,-0.001719535165314467,3.2936542855299678e-06,-0.02114535333498091,-0.0007140763648110751,0.0006094020310402768,0.01865789891725511,0.10186184716450097,0.0824349170722527
2013-09-25,2013-09-30,107.0500030517578,107.0,0.1204800048828125,1.364965274762348,1.0324398827571952,0.4824009431794716,-0.0064722237546475546,9.126986084684319e-07,-0.2645925298904337,-0.007077309915875658,-0.00017715125934102545,0.024176439218020093,0.13087344012942093,0.10542262902004751
2013-10-28,2013-10-31,107.91999816894533,108.0,0.0936,0.9804876420115751,0.8606288941307145,0.4550704856456931,-0.002994676322682399,3.76984578909223e-06,-0.15332060442840056,-0.0031088091130776646,7.005589994674014e-05,0.03365672200854768,0.17408301012343808,0.13810225353686834
2013-11-25,2013-11-29,104.20999908447266,104.0,0.10415999755859374,1.1973767980748744,1.2809425315274614,0.4938189247790769,0.0019024324750255954,7.579384336375838e-06,0.04165639670581145,0.0009900060963097112,-0.0003353781200500255,0.027560246743595616,0.1513415089142618,0.12209872665383692
2013-12-26,2013-12-31,102.0999984741211,102.0,0.1068800048828125,1.3015797670400786,1.1856966353863438,0.5195898164795724,-0.0027507075982958094,6.865094933861116e-06,-0.1129545687421265,-0.002799767234733437,8.63595932374111e-05,0.025353805303108906,0.14010164632091548,0.11331140338774914
2014-01-28,2014-01-31,106.98999786376952,107.0,0.1032,1.1277759928430404,1.780125610859391,0.47037153448042135,0.011656875467900464,3.968258832420801e-06,0.5412589461721815,0.012310862812639402,0.00042592680445346904,0.029261130055454918,0.1560875696549775,0.12499765330453716
2014-02-25,2014-02-28,107.3499984741211,107.5,0.09087999877929688,0.9222121825847595,1.5360737055710194,0.4468315251591891,0.01096450260901123,4.563498926968279e-06,0.618785538062208,0.012113989497315777,0.0006402097607852138,0.035783522082204776,0.18316751898119077,0.14479338819703336
2014-03-26,2014-03-31,109.44000244140624,109.5,0.09247999877929687,0.9977295741131202,0.8213080206150227,0.45912379188952623,-0.0035071678407981198,4.087307152511599e-06,-0.20648338289802226,-0.004163877861544223,-0.00018565097155894767,0.033075094550879314,0.1776675155878269,0.14224011835518469
2014-04-25,2014-04-30,111.33000183105467,111.5,0.09247999877929687,0.9708750465661428,0.7929023560388991,0.44617975646966274,-0.0024659831022566968,9.920637575877578e-07,-0.2136702677072474,-0.004246241844104085,-0.0006768153013934103,0.033989955882290576,0.1797412067778339,0.14331560534409848
2014-05-27,2014-05-30,113.36000061035156,113.5,0.09087999877929688,0.9746065785760939,1.3125279892198554,0.4470447532409377,0.006128197498654853,3.412702334504303e-06,0.307657538790467,0.006020305324240736,6.271390435614725e-05,0.033859816592058306,0.18352748535577268,0.14717599270386095
2014-06-25,2014-06-30,112.87000274658205,113.0,0.08655999755859374,0.9200091786990497,1.1157182087415973,0.4452656539434842,0.0053586618876939164,2.500002029171e-06,0.17373992027347196,0.003239984328949818,-0.0008302553827808114,0.03586920735580492,0.19305263237572245,0.15441406987442785
2014-07-28,2014-07-31,115.51000213623048,115.5,0.0865280029296875,1.004520549453575,0.4415425976367651,0.4648289335694643,-0.01364530702468174,3.2142892365527587e-06,-0.5837080871053599,-0.01109670548255617,0.0012830901773471471,0.03285149320036398,0.18594342748829673,0.15061792246015648
2014-08-26,2014-08-29,117.3499984741211,117.5,0.09032000122070312,1.0141549290967098,1.9933274772939096,0.45018381186363865,0.014086761477598976,2.8571455983339433e-06,0.9180303916330637,0.017912875436631864,0.001822394631715608,0.03253940700105114,0.18457633811938967,0.1496029357115043
2014-09-25,2014-09-30,116.16999816894533,116.0,0.09455999755859373,1.198660308457833,1.2336110963645082,0.4903886837274902,0.0004598667847075081,5.952382002849532e-07,0.001605374939501747,3.482584323837865e-05,-0.0001212648051507352,0.02753073557800291,0.16638990201875048,0.13697367344832112
2014-10-28,2014-10-31,119.19000244140624,119.0,0.1195199951171875,1.5780820396086668,1.3985642954461213,0.49709514629503815,0.00010371296766527072,1.3095242799021634e-06,-0.13327488889483563,-0.0035855974479128893,-0.0017563741508602655,0.02091146034979484,0.1294948766358448,0.10745984514062346
2014-11-24,2014-11-28,120.1999969482422,120.0,0.10304000244140625,1.3733100362182156,2.7663464259694694,0.46786801881113727,0.018651380070693068,1.3095242692440223e-06,0.9785771827148564,0.02418497523318653,0.002675692233721822,0.024029533848652647,0.15210037674897703,0.1265503697041419
2014-12-26,2014-12-31,124.41000366210938,124.5,0.08864000244140625,1.2186469389398324,2.2626937719639497,0.4939751486785957,0.011736695552637856,1.3095242406002683e-06,0.8185640114138422,0.016452986546317588,0.0023964879288623448,0.027079212974274982,0.1748461834783952,0.14579299078037122
2015-01-27,2015-01-30,134.57000732421875,134.5,0.1379199951171875,2.019258319250436,4.264469233350995,0.49223943082529664,0.027168938901956662,1.7063500981073787e-06,1.086676592786855,0.03339822312839837,0.0031136717625100323,0.01634263416691028,0.11232393456576029,0.0952033635280507
2015-02-24,2015-02-27,129.6699981689453,129.5,0.15055999755859376,2.188685495090037,1.9462414442938807,0.5028696462690906,-0.0014790309329004044,1.8253978926185965e-06,-0.1249074290618396,-0.00422237795302003,-0.0013267726511540928,0.015077543152741762,0.10150746107431408,0.08578321783721132
2015-03-26,2015-03-31,129.4499969482422,129.5,0.1379199951171875,1.8863790023604265,2.3664750599259947,0.48284486529823395,0.009178825841043637,3.214289147068783e-06,0.23495769148273093,0.007156165077098502,-0.0009164482854158514,0.017493833401828102,0.1136877527829725,0.09535981502252766
2015-04-27,2015-04-30,129.07000732421875,129.0,0.1136,1.5847784291267426,0.5090873911806773,0.48878466133860105,-0.02457297581329947,1.1507940620436585e-06,-0.6923786755503165,-0.01757275748101969,0.0034812284152109297,0.020823100184537424,0.13642920912741996,0.11441487276380191
2015-05-26,2015-05-29,122.45999908447266,122.5,0.1365760009765625,1.766033693946337,1.7307489261884035,0.48258336246464956,0.0016410460522131136,1.031746347690543e-06,-0.038307700993162386,-0.0011544655575231365,-0.0012733187125580111,0.018685940202114143,0.11489018022662911,0.09531372672549843
2015-06-25,2015-06-30,116.54000091552734,116.5,0.13331199951171874,1.6701143010571613,2.1738857689506603,0.4881176460010263,0.007494624930083527,5.952382002849532e-07,0.27912218436569747,0.008276389436624006,0.0004694021530196332,0.019759126653254463,0.11695148945306699,0.09624153842627803
2015-07-28,2015-07-31,121.1500015258789,121.0,0.11504000244140625,1.5362095899717247,2.3153130378178046,0.495155587192386,0.010990955157162042,5.8730273102547415e-06,0.48051706041157805,0.012443245221969738,0.000790673514647574,0.02148144381822756,0.13464802862604097,0.11196401050712734
2015-08-26,2015-08-31,121.93000030517578,122.0,0.1472,1.8940691939700989,1.3946596581498885,0.48299661245791153,-0.00458305468451452,6.150806296068012e-06,-0.27866540374488147,-0.009034521992853185,-0.002075619052252718,0.01742280593816625,0.10646724792498774,0.0882754390648548
2015-09-25,2015-09-30,121.54000091552734,121.5,0.12144000244140625,1.582671128583642,2.708217425427924,0.4866053622932512,0.016055585060432875,1.4285719878159853e-06,0.6831953612193657,0.01847465763833337,0.001253378073969703,0.020850825799502794,0.12873588022254734,0.10677191314243828
2015-10-27,2015-10-30,124.33000183105467,124.5,0.1116800048828125,1.3800437988064314,0.7730537524881682,0.4627109323229003,-0.01286690009014184,3.888893167713903e-06,-0.4582670782436157,-0.011120885294092489,0.0008864578882069936,0.023912284543824592,0.1448764926095254,0.11953503023770162
2015-11-24,2015-11-30,120.80999755859376,121.0,0.11344000244140626,1.3533863656558789,1.4838433968012448,0.4365456259473147,0.004897259121951558,1.9365203794974306e-05,0.07114241997634974,0.001866771536959562,-0.0012327779656015432,0.024383280959098124,0.14258601693424455,0.11677900829051047
2015-12-28,2015-12-31,122.19000244140624,122.0,0.1075199951171875,1.6093189244207882,0.8348803011493794,0.5282121856616384,-0.013576352234649968,2.3809712262679028e-05,-0.49663502567425555,-0.012487023972283294,0.0006218456217430574,0.020505568846073855,0.1377841772285644,0.1160883792559595
2016-01-26,2016-01-29,126.08000183105467,126.0,0.120256005859375,1.6676485227101703,2.227519693477655,0.49469858992854865,0.00927623956283692,3.642901410860766e-05,0.3128412747823639,0.008482738332709685,-0.00034630165126397626,0.019788342417843673,0.1285622478041435,0.10770822179921002
2016-02-24,2016-02-29,131.2100067138672,131.0,0.136143994140625,2.0359703109131053,1.7070108917815436,0.5074928653464024,-0.002152989264110938,3.682584892983343e-05,-0.1763530596311198,-0.005400103171086611,-0.001617487034213522,0.016208487826720786,0.11191887136262801,0.09494095884803433
2016-03-28,2016-03-31,129.7100067138672,129.5,0.11950400390625,1.7533504585617297,2.019907120746794,0.5040709308217617,0.006538443764079816,2.638911874064398e-05,0.13196406569562047,0.0035978037202065226,-0.0014424800652617334,0.018821108945367284,0.12730595692283186,0.10747346309860739
2016-04-26,2016-04-29,127.25,127.0,0.10744000244140625,1.5668717286748217,2.763789604444372,0.5076584124669583,0.016338713748471134,2.7778034455083755e-05,0.7350882011412905,0.01804453201098577,0.0009084713431362424,0.02106107308982445,0.14275279805838692,0.12042359984947781
2016-05-25,2016-05-31,129.3699951171875,129.5,0.10806400146484375,1.4262716391981323,1.6610291954037106,0.47030196234222893,0.0057062796965802855,3.523850896680614e-05,0.139840256575678,0.0033504405727411116,-0.0010573163631520902,0.02313724755724163,0.14836144245673055,0.12379209077454956
2016-06-27,2016-06-30,139.1699981689453,139.0,0.13051199951171874,2.0446666381630463,1.5930258912045732,0.5030275493904862,-0.002339238517727482,2.976219915273859e-05,-0.2351293379124334,-0.006893926000457428,-0.0022693192757974726,0.016139550273900693,0.11655644423848788,0.09961303913803476
2016-07-26,2016-07-29,138.9199981689453,139.0,0.11001600341796874,1.6012521101737351,2.995149067171532,0.47860640465570514,0.018603817320516924,3.218288126793922e-05,0.841227125243339,0.02049970898378359,0.0009384994424369848,0.020608872138453898,0.14366941167841496,0.1218054035462326
2016-08-26,2016-08-31,138.36000061035156,138.5,0.11398399658203125,1.630974431213747,2.241291546757958,0.4748177122649191,0.010513383161317514,3.7103633371504685e-05,0.350425538998431,0.00882390846932784,-0.0007708515557511799,0.020233303090743053,0.13926445072723403,0.11783901141950892
2016-09-27,2016-09-30,138.6999969482422,138.5,0.09476799926757813,1.4871998686841945,0.9245366017049439,0.5025240123992933,-0.00897956314586672,2.9881249919316843e-05,-0.39613175433770764,-0.00851685511072056,0.0002548055906184428,0.022189351071686732,0.16260768969020933,0.13887753740183229
2016-10-26,2016-10-31,132.17999267578125,132.0,0.09521599731445313,1.4201430478188113,1.001424507112538,0.5015974290997081,-0.00743576031386266,3.416705504544204e-05,-0.3144264272131456,-0.006779706671328801,0.00036135116654391813,0.023237095763475723,0.161926110988881,0.1370961569613478
2016-11-25,2016-11-30,120.81999969482422,121.0,0.12750400390625,1.5311292608768776,1.1417715906037835,0.4455996388582218,-0.005200204939547137,5.547721488596835e-05,-0.27290623209966236,-0.007791185786097114,-0.001083504917635086,0.021552719840976002,0.12778036467081288,0.10509510218283413
2016-12-27,2016-12-30,117.66999816894533,117.5,0.113056005859375,1.6330703717562853,2.452801021429256,0.5292920353783549,0.012006941926680571,5.674710381931014e-05,0.47693063790624723,0.012687036078172948,0.0003991226594096572,0.020207334950612176,0.13080456139234053,0.10949096612841691
2017-01-26,2017-01-31,119.1999969482422,119.0,0.11950400390625,1.6197027848734138,1.9310918237496628,0.5056835211678554,0.007149409482631386,5.877099277973308e-05,0.17014335964339944,0.004675634612234456,-0.0012057626297510683,0.020374108329127238,0.12794315198243478,0.10648428249980735
2017-02-23,2017-02-28,120.66999816894533,120.5,0.1098239990234375,1.5060898638158304,2.014785638236852,0.5048620437219618,0.008467076625260318,5.896941308392023e-05,0.31242541785274947,0.00786580956074483,-0.00026109603685982926,0.02191104315408589,0.13938477268913663,0.11620069036449521
2017-03-28,2017-03-31,120.62000274658205,120.5,0.09912000122070312,1.336507650037279,1.280069088235042,0.4986817221798928,0.0003459326902501395,9.071702915242064e-05,-0.06610351523124991,-0.0013982244096482613,-0.0008399775183580095,0.024691216693806084,0.15604360021978358,0.12975053424735816
2017-04-25,2017-04-28,121.4499969482422,121.5,0.0997760009765625,1.2750276663915785,1.633916322531432,0.4794906472868156,0.007010392187737091,9.508237934041652e-05,0.2523280488836599,0.005689152589085479,-0.0005982186899016614,0.025881791328804978,0.1588872160030399,0.13130620477811283
2017-05-25,2017-05-31,123.2699966430664,123.5,0.08691199951171875,1.0350796915175824,1.4861383724344075,0.45295285480258074,0.008766813147466924,0.00010825787638490958,0.39755301884301875,0.007593547027632318,-0.0004930661016398365,0.03188160319483908,0.18860791273725686,0.1542671672365048
2017-06-27,2017-06-30,126.88999938964844,127.0,0.08335999755859373,1.0783182886793645,0.4488985522853689,0.46916320368565745,-0.014348953206147085,0.00011817925995738499,-0.6050499368192379,-0.011011092408241656,0.0015840299483545369,0.030603209039898306,0.19420340178188145,0.16113457519781615
2017-07-26,2017-07-31,123.7699966430664,124.0,0.07564799804687501,0.8909517360763944,0.9286804233082981,0.44759174834985793,0.0017814236842241375,0.00012802133314848696,0.005210951771770889,0.00021128207028966924,-0.0006715924650182598,0.037039043377732894,0.2192270909477667,0.1788753614343468
2017-08-28,2017-08-31,127.23999786376952,127.0,0.0781760009765625,1.175074899166102,1.5878410924184414,0.5158033401673678,0.005493790358554529,0.00011956825766645807,0.3187094604947711,0.005903798020866175,0.00020365992268058853,0.028083316240878453,0.1942530978608401,0.16386879206517335
2017-09-26,2017-09-29,126.76000213623048,127.0,0.0810239990234375,0.9907938819026029,0.33017250786715596,0.45217902088863243,-0.016177860636982278,0.00012345745880915082,-0.6885988155962159,-0.01197995065102066,0.001922820003425617,0.03330662472060356,0.20245465699160037,0.1663772991387753
2017-10-26,2017-10-31,122.43000030517578,122.5,0.09175999755859374,1.175535367956024,2.1807097633077177,0.4774840076986755,0.016180293175658677,0.0001281007093947295,0.8155583479193869,0.016755689559293383,0.0002930853753178155,0.02807231572911255,0.1737901248178093,0.14370080194730117
2017-11-27,2017-11-30,126.62000274658205,126.5,0.07246400146484375,0.9795235729202674,0.39016158240975135,0.463444039024129,-0.012246923247784912,0.00014865816070530613,-0.6248466476408754,-0.01045966529882828,0.0008356031095452925,0.0336898477099603,0.2258068942692999,0.1889344599676035
2017-12-26,2017-12-29,125.13999938964844,125.0,0.07811199951171875,1.2598515260313439,2.305150512294155,0.5433282020895226,0.01334489584163241,0.0001619531809784469,0.7931192666102171,0.015047394472837037,0.0008851991047361406,0.026193562747789213,0.1877940252024417,0.15951137682571725
2018-01-26,2018-01-31,123.58999633789062,123.5,0.08900800170898437,1.2453901814084654,0.77863943935043,0.5020953778203688,-0.007358120151725367,0.00016619968028708243,-0.396033465844259,-0.007890665993042377,-0.00028280801357086644,0.026497719744890617,0.17341401427845393,0.14499527248622623
2018-02-23,2018-02-28,118.12999725341795,118.0,0.10335999755859375,1.4174744242238946,1.5912349479731591,0.5112344129880014,0.0048485061335907355,0.00019239329099329794,0.09816111178234443,0.0025186013650083457,-0.0012122764732089468,0.02328084333378247,0.1470488661956122,0.1223438884123429
2018-03-26,2018-03-29,119.70999908447266,119.5,0.08727999877929687,1.2508401083894825,2.6996243203158166,0.5204409656580845,0.017893546005234472,0.0002037043112037562,1.1171304392200545,0.022924103861416974,0.002581381913713378,0.026382268827699416,0.17332347452803298,0.14502812027203715
2018-04-25,2018-04-30,117.16000366210938,117.0,0.08832000122070313,1.2182542807488486,2.2804320724782547,0.514924211846374,0.016158538798010724,0.00021311037434301738,0.833508178732723,0.01726830432516762,0.0005396678917027525,0.02708794093439609,0.17209441738176734,0.14306875742206793
2018-05-25,2018-05-31,119.62000274658205,119.5,0.08655999755859374,1.1940244138899787,2.1492278420219795,0.5078664149388341,0.012975531047749912,0.00022108772317941394,0.7618214201632922,0.015396740304500363,0.0011922582837141614,0.027637625844257427,0.17763244049827298,0.1479503169029639
2018-06-26,2018-06-29,120.97000122070312,121.0,0.08207999877929688,1.0749812028381396,1.410535604943757,0.48774020970184095,0.005799471231761011,0.00022434217100242293,0.2771961636342395,0.005348064692660712,-0.0002500682389477084,0.030698211199297432,0.1925956841875731,0.1594500572221036
2018-07-26,2018-07-31,119.26000213623048,119.5,0.07883200073242187,0.9250339029390446,0.9744952412383028,0.4578837819601518,0.003289789576319713,0.00023156549718605923,0.0174835321892004,0.0005290227068840517,-0.0012745694075527389,0.03567436814494197,0.20715518618768658,0.16847568621597442
2018-08-28,2018-08-31,120.86000061035156,121.0,0.07992000122070313,1.0020068940787261,1.0206476787451877,0.47469634693333757,0.0007583570131938892,0.0002466869516504211,-0.014098299596220887,-7.975922720128919e-06,-0.000395634733833132,0.032933905140783634,0.20114003198554808,0.16548115648955752
2018-09-25,2018-09-28,116.68000030517578,116.5,0.07900800170898438,1.1142164050178383,1.3232810935953814,0.523002169032274,0.00465686767084379,0.0002566886331136775,0.1557107403732818,0.0031371086979429296,-0.000852799756600089,0.029617226825404425,0.1911304622487804,0.15915635055581845
2018-10-26,2018-10-31,114.98999786376952,115.0,0.10032000122070313,1.2835813568554144,0.543892266826429,0.4973244210605681,-0.012661436527149282,0.00027050057618405177,-0.5943390280573942,-0.013247191317369957,-0.0003344954350459803,0.02570931700102372,0.1546794558629212,0.12733331261252467
2018-11-27,2018-11-30,115.01000213623048,115.0,0.08198400268554687,0.9651554591406252,1.078657940802742,0.45778557639569045,0.002382093758888715,0.00027772411451731926,0.08200685985344736,0.0018015602777502106,-0.00028683386198310616,0.03419138304349769,0.20308298338406439,0.1660528126786931
2018-12-26,2018-12-31,120.0199966430664,120.0,0.1022239990234375,1.5289916196849882,2.36069717579021,0.5341748860744346,0.012014675972466372,0.0002800261422983841,0.5167970799272394,0.01273131313162358,0.00029813399887381565,0.021582852106670707,0.14460303256132634,0.12170679062345391
2019-01-28,2019-01-31,120.41000366210938,120.5,0.08152000122070313,1.0541229571630084,1.8961755134204656,0.48555346138045824,0.012555597285740029,0.00028030396182820994,0.7556839229389647,0.014113291596036264,0.0007025192207000706,0.031305645869637314,0.1940214851708728,0.16020812981256127
2019-02-25,2019-02-28,121.20999908447266,121.0,0.07385599975585938,1.1210487554047202,0.5601048863638164,0.5345515393585916,-0.010217634384085893,0.0002851858310111144,-0.5221260769869936,-0.008886612957522478,0.0006201944428767783,0.029436721499312816,0.2012344790739975,0.16930585295388134
2019-03-26,2019-03-29,124.97000122070312,125.0,0.09041599731445313,1.2599188179466991,2.084389069252181,0.4974481250212836,0.011362472000345526,0.0002838760586121314,0.6200709674420768,0.013009589884959837,0.000745946222110447,0.02619216375685252,0.17204729395059326,0.14396969132809634
2019-04-25,2019-04-30,123.38999938964844,123.5,0.07966400146484375,1.058937179473397,1.0660679782889972,0.4864015259999258,0.001706836144301516,0.00028117713510189546,-0.02405459070800109,-0.00015489186037177978,-0.0009671337839406113,0.0311633217150905,0.19930360315820184,0.16556057274718383
2019-05-28,2019-05-31,128.6999969482422,128.5,0.09883200073242188,1.537989675420163,3.775607972796218,0.5244531282906693,0.02391979701956699,0.000274072659217639,1.4182264007512106,0.03293016797911143,0.004631526489155145,0.02145658096890978,0.1515565205731988,0.12871900473066855
2019-06-25,2019-06-28,132.82000732421875,133.0,0.118752001953125,1.697891436324445,1.5033067896252568,0.4877917834459005,-0.00047536863657409134,0.00024847295441632333,-0.1327495237535229,-0.003270833675158287,-0.0014282634754719165,0.019435871631131856,0.13182105889803286,0.11130354654552677
2019-07-26,2019-07-31,131.47000122070312,131.5,0.09424000244140625,1.3807738291302833,1.9844223956304872,0.4973506683398592,0.010400800733744343,0.00024418653460522854,0.40840138461291975,0.008966257419499983,-0.0007803184826468884,0.023899641855745425,0.16466992768809985,0.139107970495296
2019-08-27,2019-08-30,147.61000061035156,147.5,0.1418719970703125,2.43296327361746,2.0905002037363873,0.513720483366027,-0.002635032987978003,0.00023108922993952952,-0.1532838127948637,-0.004727736059670819,-0.0011715626922628498,0.013563706595099497,0.1064345184985589,0.09224521836510657
2019-09-25,2019-09-30,141.47000122070312,141.5,0.128352001953125,2.0451581451645384,2.676131673608091,0.5026239242890028,0.010980170726902562,0.00021211816664346017,0.29004494748368126,0.008615550679392745,-0.0012599936021839362,0.01613567150199285,0.11933548654309112,0.10237387939693132
2019-10-28,2019-10-31,137.25999450683594,137.5,0.107856005859375,1.5455382680170227,4.044800400307188,0.47773209650568477,0.028595815336885,0.00019028984955249406,1.578874335403471,0.03779640674753112,0.00435584411775709,0.02135178447722301,0.1466615952674466,0.12398614803472441
2019-11-25,2019-11-29,140.30999755859375,140.5,0.09847999877929688,1.3916678399395446,1.2039867915061127,0.458236173021174,0.0003840385537107863,0.0001855273479272057,-0.15671501803570953,-0.0032508503232154097,-0.0016968663052787773,0.02371255485894792,0.16545340425032973,0.14008002179070456
2019-12-26,2019-12-31,137.1699981689453,137.0,0.0902719970703125,1.5939670792538925,0.7487992800180813,0.5436769510427227,-0.012720055710667965,0.00018028860985941364,-0.545287643906794,-0.011599053112294191,0.0005369073146154638,0.020703062459387,0.16178851038006425,0.13963996050855987
2020-01-28,2020-01-31,143.16000366210938,143.0,0.10495999755859375,1.7627491539367208,3.5722073787652624,0.5147999753533165,0.01873955427811187,0.00018167766576482336,0.9984314006264923,0.024281605830040357,0.002786471846183285,0.018720757815314563,0.14402462938181304,0.12414185674902734
2020-02-25,2020-02-28,151.0500030517578,151.0,0.13980799560546875,2.416163582473053,5.505268518082149,0.5084882246498078,0.027802558149703404,0.00017314490991293674,1.256279313600054,0.039956990768399654,0.006110214320842518,0.013658015640738616,0.10856444014873423,0.0942627037668029
2020-03-26,2020-03-31,163.33999633789062,163.5,0.14156800537109376,2.4488321581182166,2.971194299686009,0.48357791446046344,0.00957938470716786,-5.952374492190771e-06,0.19849744788196055,0.0061896621851994064,-0.0016277227022404007,0.013475811272161077,0.11036452211491454,0.09624025309897988
2020-04-27,2020-04-30,167.66000366210938,167.5,0.10032000122070313,1.8994302260954827,1.1194766843286492,0.5022392809010866,-0.005887458247660726,1.0634958574673448e-05,-0.4243127075789027,-0.009644013491001894,-0.0018960653466648257,0.017373631074533148,0.1525623891468726,0.13402451186033648
2020-05-26,2020-05-29,163.3300018310547,163.5,0.083552001953125,1.3862600595661172,1.4122833099990497,0.46756679544993107,0.0011915176852725477,1.5515953184275233e-05,-0.004973587264257673,-7.612640412219061e-05,-0.0005849601842395022,0.023805057191309837,0.1931298967460704,0.16733315192892562
2020-06-25,2020-06-30,163.5,163.5,0.08251199951171875,1.4583254387451883,1.6106610882320478,0.4867766700558106,0.0022303998565135876,1.539690425489404e-05,0.08091510110402811,0.0015145294794806595,-0.0003484694396227839,0.022628693927464333,0.19057608881423227,0.1660684389487761
2020-07-28,2020-07-31,170.27999877929688,170.5,0.06603200073242188,1.0970390089151407,1.4116714742214194,0.4547478143913775,0.003828451878643513,1.1031786644633002e-05,0.2529165687519628,0.003647916332308566,-7.509112202992287e-05,0.03008097226427128,0.2516332354473674,0.2182693855171558
2020-08-26,2020-08-31,164.02999877929688,164.0,0.07678400268554687,1.3719011051121122,0.5269017099556398,0.4888925687593053,-0.011617681004708546,1.1230200759548836e-05,-0.6323816596829737,-0.010937536743814369,0.00033262903974048237,0.024054211981484795,0.2048300927359752,0.178627508773608
2020-09-25,2020-09-30,165.1199951171875,165.0,0.059152001953125,1.0981387341289692,0.38028437463502796,0.49819338109415684,-0.011664253548352365,1.0436544392034008e-05,-0.6736302413541136,-0.009117336113323275,0.0012644479141736985,0.0300508478340628,0.2666909607244594,0.23313712870086678
2020-10-27,2020-10-30,160.5500030517578,160.5,0.09260800170898438,1.6462441264586145,0.5892837333338866,0.4951395643240058,-0.01896151142202911,1.0436544376268841e-05,-0.6555190156925548,-0.013700896595826356,0.002606997104580743,0.02004562960597424,0.1673083437779288,0.14580137400230853
2020-11-24,2020-11-30,159.1699981689453,159.0,0.06780800170898438,1.1975650652456218,1.5004442478220126,0.4847894311010552,0.004940325262836787,9.246060032497283e-06,0.2222938377044814,0.003506578910409191,-0.0006860262237577763,0.027555914043995322,0.23744677144988668,0.20703829270706575
2020-12-28,2020-12-31,157.36000061035156,157.5,0.07241599731445313,1.24085232829495,1.4642849021559765,0.48823912612540243,0.0019511748011331158,9.52383968355619e-06,0.15145522028759073,0.0024880128572052507,0.00027190188744776275,0.026594623105027464,0.21728270039226993,0.18818571322870858
2021-01-26,2021-01-29,153.3800048828125,153.5,0.0690239990234375,1.0736942541859318,0.5946415649686057,0.46623516509716717,-0.009396659482687352,7.2619223543402e-06,-0.46968940374730306,-0.007153308038056157,0.0010715485064772866,0.030735006610443674,0.23617197827425396,0.20232770006433376
2021-02-23,2021-02-26,141.77000427246094,142.0,0.09876799926757812,1.4114974227828767,2.3875558470451517,0.46603705568284803,0.009122435960613197,3.3333370266230844e-06,0.6604062508911575,0.014276870318920212,0.0024470103359832884,0.0233794263222514,0.1627943665100735,0.13780405036659538
2021-03-26,2021-03-31,136.66000366210938,136.5,0.09838400268554688,1.5231482798079585,1.0751286660629795,0.5032103080686677,-0.009254336724170463,1.4285721006146446e-06,-0.3124217524569812,-0.006993347475098112,0.0011771420546938514,0.02166565162267767,0.15629258833938997,0.1331841757400931
2021-04-27,2021-04-30,138.63999938964844,138.5,0.09624000244140625,1.493261612513304,1.3662852971413255,0.49902013234858394,-0.0004,1.0317464054221404e-06,-0.10596130809397486,-0.002311316835039046,-0.0009158707150243914,0.022099275655025917,0.16045851562435942,0.13684712875881355
2021-05-25,2021-05-28,139.4600067138672,139.5,0.085952001953125,1.2566116493653583,0.724606411550127,0.477207381844567,-0.007713520475624502,7.936509729411512e-07,-0.44379865512728944,-0.008488985946609061,-0.00032447775208213435,0.026261096669497205,0.1854637561234065,0.15713933383568968
2021-06-25,2021-06-30,142.00999450683594,142.0,0.0889280029296875,1.3601635393105218,2.716949555688451,0.48601359913898723,0.016077588811518728,4.880960304376458e-06,0.9615900897912386,0.019184865495883392,0.0015457261230870586,0.02426178841459607,0.17666112185129101,0.1505727513199311
2021-07-27,2021-07-30,149.63999938964844,149.5,0.11211199951171875,1.8969303921259937,1.5109281172681233,0.5033318922086283,-0.0012012588008994292,5.158739122768097e-06,-0.21897962767922852,-0.00555803859219574,-0.0021759215904582135,0.017396526586837536,0.1365271401718935,0.11810331981349109
2021-08-26,2021-08-31,148.4499969482422,148.5,0.10145599975585938,1.6095104045661672,1.5522916609442685,0.48422096306402146,0.00215938188773408,4.920643045913664e-06,-0.05548472713861241,-0.0012502752461503008,-0.0016249584298105603,0.020503129340686016,0.15455259073993122,0.13268918959109666
2021-09-27,2021-09-30,146.3699951171875,146.5,0.0968,1.471855009208864,0.6407078494320007,0.4751005957470988,-0.014404902240181471,3.3730196140613344e-06,-0.5806055372744714,-0.012423234920618564,0.0009756320742003038,0.02242068668009481,0.1636294632446067,0.1396433269245414
2021-10-26,2021-10-29,145.10000610351562,145.0,0.1067199951171875,1.728561387246247,3.426205723320723,0.4987236684850193,0.01744946520599928,5.873027444369683e-06,0.9539173511261563,0.02300923817749025,0.002797738414905979,0.019091019991237888,0.14414814877292748,0.12387468176866268
2021-11-24,2021-11-30,146.82000732421875,147.0,0.13304000244140626,2.0045247972965794,4.9069923697207045,0.4701016438285681,0.032088399017912786,5.198421688223931e-06,1.4198081964469034,0.04157928535717869,0.004495898808907643,0.016462754686051153,0.12075337159572275,0.10343917006878578
2021-12-28,2021-12-31,148.2899932861328,148.5,0.12403199462890625,2.0057985987641436,1.838052040907028,0.4916128190652025,-0.0010743332290286563,4.761912160367032e-06,-0.0992665267037196,-0.0027490476016002277,-0.0007997153022426432,0.016452299857190388,0.12437171660950241,0.10703889872322292
2022-01-26,2022-01-31,140.5,140.5,0.1372,2.1171455942816806,2.9808720653060496,0.49508544624592005,0.013051773643734733,2.126999195350976e-05,0.3893460438091376,0.01196329123032459,-0.0005123467630195316,0.015587024382797096,0.11224499982501634,0.09591049582373379
2022-02-23,2022-02-28,136.67999267578125,136.5,0.15224000244140626,2.3894535936408436,4.267392126864859,0.510849298870225,0.022939534018509188,3.654806306863101e-05,0.7668221607018346,0.026458412096967435,0.0018168571549925798,0.013810688806773368,0.09991258474805553,0.08551141020340824
2022-03-28,2022-03-31,129.75999450683594,130.0,0.206847998046875,2.883386944267959,3.514338763936409,0.49179308898681834,0.01747908591215581,6.30171957811676e-05,0.20619832123124215,0.009430226081358671,-0.003930423631100446,0.011444873906224236,0.07472732441454188,0.0629223811492512
2022-04-26,2022-04-29,122.41000366210938,122.5,0.2068320068359375,2.790227058314611,1.3984355396627859,0.5001311753542513,-0.02458129334968977,9.627293201686093e-05,-0.507634511318456,-0.02318103970545859,0.000723798019446219,0.011826994474038642,0.07433760021772629,0.06214312256012833
2022-05-25,2022-05-31,119.33000183105467,119.5,0.16910400390624997,2.1745797169761825,0.8863704451451087,0.49072693794404615,-0.023612915053485773,0.00012294154285452663,-0.6029946156657502,-0.022443890873570776,0.0005958806820958964,0.015175346179484963,0.09186807387855889,0.07611519051627269
2022-06-27,2022-06-30,111.5999984741211,111.5,0.213152001953125,2.7239064900494867,4.617912939704685,0.513323588306528,0.028901270249407984,0.0002014420954281615,0.6790986871519167,0.03267752366690739,0.0019304312337228447,0.012114953329179987,0.07078343716213276,0.05831524062368465
2022-07-26,2022-07-29,117.4800033569336,117.5,0.2056800048828125,2.758775408171071,2.329747490385092,0.5116430687589494,-0.0008255062113481811,0.00028439201930718916,-0.16648002444213628,-0.00741538999430236,-0.0034341521229918188,0.011961829115287545,0.07396189149714583,0.06163144994566938
2022-08-26,2022-08-31,113.62000274658205,113.5,0.19671999511718752,2.6186919775897746,1.6195390684745647,0.5198873100189088,-0.01571416829952137,0.00033440234649551037,-0.3916803473495877,-0.01715402089665377,-0.0008321257839333226,0.012601711191085928,0.07661206960536537,0.06360956373866644
2022-09-27,2022-09-30,100.9499969482422,101.0,0.2529919921875,2.900357928487165,3.2913031892188434,0.5127465283439627,0.014458944653729945,0.0003848906373244976,0.12271604223018406,0.007278446539866783,-0.00374615694122466,0.01137790604251831,0.06066045553532318,0.049003769351101845
2022-10-26,2022-10-31,96.45999908447266,96.5,0.2243199951171875,2.489163738643106,2.1972213016896047,0.5152826986674187,-0.004028349945451026,0.0004695179132339078,-0.12968317813046526,-0.006091680068251052,-0.001156896949389135,0.013257464540275272,0.06805266712840563,0.05443437171175969
2022-11-25,2022-11-30,102.9000015258789,103.0,0.207360009765625,2.324466427447023,1.9551090217532145,0.49554091402101125,-0.0020518258830990897,0.0005005199910004254,-0.17187662367828382,-0.007413187008166271,-0.002770810043195619,0.0141968064629112,0.07626030802123851,0.061626054970582045
2022-12-27,2022-12-30,100.13999938964844,100.0,0.1998239990234375,2.5333722473778857,2.044598448822942,0.5450728959343956,-0.006191888570330861,0.0005091339946736717,-0.20462742754720376,-0.009073818216497625,-0.0017238917705901821,0.013026115697823708,0.07313896382987606,0.05972386315635436
2023-01-26,2023-01-31,106.9800033569336,107.0,0.166847998046875,2.0899180022944477,1.8914584618151122,0.5176819853079797,0.001375883428304148,0.0005408117459373418,-0.10988300528537776,-0.0036591144004514426,-0.002774503857225281,0.015790093182493505,0.09077680325919557,0.07439932394777693
2023-02-23,2023-02-28,102.3000030517578,102.5,0.18791999511718752,2.168868437689116,1.7670546771378097,0.5067542767389465,-0.0061674800536694495,0.0005579608870467379,-0.19896588284723893,-0.007853015231855302,-0.001005148814947646,0.015215307404796215,0.0819668566494689,0.06624756074390414
2023-03-28,2023-03-31,104.52999877929688,104.5,0.2495360107421875,3.051960370926116,3.583717597737601,0.5225062718742547,0.017202791402342443,0.0005526017520449678,0.16254315406424835,0.009653363642037591,-0.004110364406257172,0.010812722312638079,0.060958908789590094,0.04987653591059327
2023-04-25,2023-04-28,106.95999908447266,107.0,0.2194080078125,2.738307219365349,2.0585619561521753,0.5196714151732713,-0.005074785069935128,0.0005928949211086998,-0.2587278188480193,-0.012259326567639933,-0.003925856013657128,0.012051240915052745,0.06930666510276384,0.05691249111694785
2023-05-25,2023-05-31,100.27999877929688,100.5,0.2232639892578125,2.5246996179055086,3.763655986513494,0.5086958153582306,0.026624365122339632,0.0006120692775020142,0.4745618408371832,0.024222212120277916,-0.0013921901374883787,0.013070861882324366,0.06928001040393839,0.055844182721968894
2023-06-27,2023-06-30,103.16999816894533,103.0,0.17735999755859375,2.2515735669301478,2.001573633236686,0.5351266588645023,-0.002628891969646374,0.0006161979556467134,-0.12477546487899172,-0.004535089541486417,-0.0012302325357660257,0.014656416510073458,0.08374614328212271,0.06858710617439279
2023-07-26,2023-07-31,101.2699966430664,101.5,0.16780799560546872,1.907096009494078,1.279442216598008,0.5041392911582439,-0.012446936596757373,0.0006267578948153663,-0.34344726732398845,-0.01233710453203499,-0.00012448986841169705,0.01730379584232593,0.0921928371023839,0.07424666667896496
2023-08-28,2023-08-31,95.31999969482422,95.5,0.17671999511718753,1.8966297815780255,2.4744858368691243,0.5057526647921432,0.013447994127994313,0.0006333876550987938,0.28479827167902827,0.011910362947079416,-0.0009414321042631975,0.01739928388794121,0.08678534959277706,0.06878763788506403
2023-09-26,2023-09-29,88.87000274658203,89.0,0.188352001953125,1.8996436987278007,1.6257082492816308,0.5089401224529551,-0.0024255208184998265,0.0006335861370121432,-0.160183941136542,-0.006179432420640393,-0.0020516042134976846,0.017371678711171068,0.08184109622452085,0.06391426844510573
2023-10-26,2023-10-31,84.7300033569336,84.5,0.20950400390625,2.1784277198544255,1.3602300741554594,0.536561936975879,-0.013972595550405463,0.0006317996856433084,-0.3878021303386794,-0.01812161242265759,-0.0023740185468988694,0.015148540251868096,0.07135738667144542,0.05578630586959288
2023-11-27,2023-11-30,91.3000030517578,91.5,0.17489599609375003,1.6319772504665482,1.7383535038378368,0.47458248515156204,0.002448178864307771,0.0006254478057354795,0.0445115353278438,0.0022951050447903546,-0.00018633718773299976,0.020220870107451553,0.09087770686571295,0.06994961571157643
2023-12-26,2023-12-29,98.76000213623048,99.0,0.1856,2.1888961117041283,2.0985717403224173,0.5244942156629758,0.0008151716149542136,0.000621398513937832,-0.05591937463171526,-0.0017858811868835963,-0.001551854120486257,0.015076092384443228,0.0805942235116417,0.06502794745549334
2024-01-26,2024-01-31,93.77999877929688,94.0,0.16036800537109375,1.651371124225365,3.3703518338611036,0.4971827886118647,0.03031035496829011,0.0006192944521554722,1.0108579045151251,0.03675696413275033,0.003061333488166054,0.019983394111653636,0.09754779193008134,0.07679706481204907
2024-02-26,2024-02-29,93.58999633789062,93.5,0.17723199462890624,1.9906989799662829,2.171318301326864,0.5267111008804636,0.005904152377218042,0.0006245347176878635,0.07354493641834181,0.003593721907369702,-0.0013905579962004467,0.016577091932080526,0.08410795424103457,0.06697573088490505
2024-03-25,2024-03-28,93.51000213623048,93.5,0.14758399658203122,1.6239073661141075,2.067520765463351,0.5184147026311552,0.011470768439136149,0.0006212000149214969,0.25031184803926365,0.009070458769745158,-0.0014097661637790296,0.020321356186077662,0.10277624948558284,0.0816255226397864
2024-04-25,2024-04-30,87.77999877929688,88.0,0.1736800048828125,1.6656000622922449,1.6924419170372615,0.49634476766582614,0.00461269569051721,0.0006241774331749994,-0.0036609862831771256,0.00045873754518604515,-0.00218217199215025,0.019812679374293783,0.0903346241907419,0.06983018330026014
2024-05-28,2024-05-31,90.06999969482422,90.0,0.1434719970703125,1.549303836916715,1.6822365860976227,0.524347804966825,0.003818969066694944,0.0006249714325881062,0.06382201066622062,0.002720214775844835,-0.0007362937356159978,0.02129988915903909,0.10489010586378233,0.08270936653493921
2024-06-25,2024-06-28,94.5,94.5,0.155152001953125,1.7298126731353958,0.6044618799798135,0.5196338033773122,-0.02918310256070227,0.0006221924933103029,-0.6633123672382423,-0.0229890084654887,0.0030481882153366633,0.01907721021617063,0.09757229741673457,0.07775342795549656
2024-07-26,2024-07-31,92.98999786376952,93.0,0.15641600341796877,1.693834902567141,2.6327313059519604,0.5155528606946436,0.019172206668105662,0.0006127044688297723,0.5296602449175929,0.019486811753341732,6.348578001531223e-06,0.019482418239219115,0.09739080034085368,0.07715678175555762
2024-08-27,2024-08-30,97.97000122070312,98.0,0.174752001953125,1.9831549870900385,1.174476933816623,0.5148067706009359,-0.015506792927132461,0.000590910004524936,-0.4209116366109996,-0.01612068529941687,-0.0004773124837115814,0.016640151785827995,0.08730438825655495,0.07008115593468722
2024-09-25,2024-09-30,97.83000183105467,98.0,0.1466239990234375,1.574950705590851,1.5890115306544217,0.49628845204936667,0.0023601229297153916,0.0005333090556420839,-0.0119005727729391,0.00012574704593835788,-0.0012259571576979846,0.020953036741311774,0.10650057140760705,0.08466058647680064
2024-10-28,2024-10-31,91.88999938964844,92.0,0.2094719970703125,2.157380218110266,2.3856588378596943,0.5061456635518974,0.005694377120223093,0.0005328326926015148,0.08982952148080248,0.004706590040974061,-0.0006003016269327475,0.015296330115099505,0.0732141250273699,0.057478192211030565
2024-11-25,2024-11-29,92.7300033569336,92.5,0.15993599853515625,1.6968198002076087,2.202760075289117,0.49878465633582936,0.012971887017696427,0.0005233055585815993,0.2760373603481385,0.010729147347084644,-0.001213756380690608,0.01944814646550117,0.0991421832313173,0.07892654922118125
2024-12-26,2024-12-31,87.81999969482422,88.0,0.15231999511718752,1.5926247429105904,1.246396549878788,0.5215312211753766,-0.0059795801041053085,0.0004990909547912814,-0.23567358261227978,-0.007798377601141002,-0.0010325553300143924,0.020720511939109447,0.09817003434968963,0.07665535332865847
2025-01-28,2025-01-31,88.19000244140625,88.0,0.14852800292968749,1.584008892359696,1.2592509573178583,0.5277463466453939,-0.005276142939514328,0.000498495524700937,-0.22352761471657956,-0.007205431131628888,-0.0011092736389695782,0.02083321637850148,0.10070465246495641,0.07904802379445353
2025-02-25,2025-02-28,91.41999816894533,91.5,0.1545760009765625,1.5856567550077645,2.1640912044189724,0.5033850733936914,0.010647911587223958,0.0004988924721234245,0.34043763052920784,0.01233377962687607,0.0007658548604176059,0.02081156586744299,0.09989977993763466,0.07827371478472589
2025-03-26,2025-03-31,89.16999816894531,89.0,0.146256005859375,1.5620418841636603,2.6951572583724857,0.5243844157020041,0.020459130840916506,0.0004987337007682502,0.6969187103905614,0.024009067537304682,0.001769205385037143,0.021126194076203454,0.10272747161043583,0.08074832514011332
2025-04-25,2025-04-30,88.88999938964844,89.0,0.16926400146484374,1.6520583213743505,1.8780844790907636,0.4975011899468892,0.006125115159893957,0.0004991306293729014,0.11568439367310956,0.004845146246300779,-0.0007034024506017699,0.01997508173473394,0.09221489058022247,0.07152544553514972
2025-05-27,2025-05-30,85.7300033569336,85.5,0.15668800048828124,1.6345599292657496,1.7619093992954145,0.5304774761854846,0.0060153528306507555,0.0005023856936625659,0.05714478824013591,0.002558772051271639,-0.001917773324406164,0.020188920215867354,0.09524964505881828,0.07431059946109442
2025-06-25,2025-06-30,87.51000213623047,87.5,0.14598399658203123,1.448559811076612,1.6839120181631428,0.5064317510953014,0.00805626264522914,0.0004992100340079908,0.13811873450943324,0.005048637940660461,-0.0015930316931318969,0.022781247793609183,0.10544634414150855,0.08173409402333354
2025-07-28,2025-07-31,85.87000274658203,86.0,0.13396800537109374,1.2312044184324085,1.6730687271914602,0.48809350973928767,0.011827707563817525,0.0005039338334773547,0.32769324426432744,0.010244098741800496,-0.0008225415150023322,0.026803022719830875,0.11710313153815721,0.08910595435875157
2025-08-26,2025-08-29,86.75,87.0,0.1269760009765625,1.1205195021949752,0.9744389935108138,0.47113519195444997,-0.002129092469785143,0.0004849990131785553,-0.1574999446697729,-0.0039100992017747785,-0.0008692739019682139,0.029450625299565613,0.12557602151393188,0.09473046056508738
2025-09-25,2025-09-30,88.9800033569336,89.0,0.12070400390625,1.2012231485304987,1.3110220476961814,0.5006594521153593,0.003982864719465029,0.0004606262511499537,0.0630676186605803,0.0021719672915368037,-0.0009604178282419618,0.02747199805495768,0.1284652779091271,0.09962483324164961
2025-10-28,2025-10-31,92.0199966430664,92.0,0.1076800048828125,1.1180591525839108,0.3926908940037499,0.5027629067419728,-0.019200379227968512,0.0004447881515359242,-0.6684254909521544,-0.01595822378162729,0.001569326530283603,0.029515432992730982,0.14378364597789206,0.11260639966325448
2025-11-24,2025-11-28,90.01000213623047,90.0,0.12291199951171874,1.1659925017451482,1.0390604957518534,0.45959755659875756,0.001821724970598027,0.0004451057117118573,-0.13524991131636233,-0.0034336623618108344,-0.0024313977284589096,0.02830206879599028,0.13257441520019175,0.1028173742051135
2025-12-26,2025-12-31,87.73999786376953,87.5,0.0936,1.2057098505356154,0.8683480039707768,0.5887685789681538,-0.007010496940013033,0.0004215274706051986,-0.30302639632836614,-0.006757865173451202,4.6962792987278566e-05,0.027369768925202303,0.14770273086223762,0.11870845050711121
2026-01-27,2026-01-30,87.80000305175781,88.0,0.08979199829101563,0.7703975824492197,0.4947655252823128,0.4568184438869785,-0.008031137812000199,0.00042593346961372625,-0.3922137569749411,-0.00727732107125445,0.00034668505658262417,0.042835025384020044,0.18306772810597738,0.13729224433636888
2026-02-24,2026-02-27,89.9000015258789,90.0,0.10443199462890625,1.0036312373138971,1.5674343935403594,0.4857950009835116,0.009833641969340513,0.0004272036840766713,0.5203283036642596,0.012571267535376381,0.001300029397721445,0.032880602728468954,0.15107863975050306,0.11628625593002617
2026-03-26,2026-03-31,86.11000061035156,86.0,0.18403199462890624,1.8171284803416607,1.6781970433779854,0.5123478485056339,0.0063356117179213635,0.0004296250049637962,-0.09376568852793954,-0.00348528815279063,-0.0050643842079063734,0.018160521040204745,0.0831553000443419,0.0644099201491044
2026-04-27,2026-04-30,86.27999877929688,86.5,0.1094719970703125,0.9450974748662103,0.6587059131825648,0.46499846607691125,-0.00804952649171291,0.0004274418298773064,-0.33214683901710884,-0.007543696104325261,0.00023766320625544698,0.03491703329825481,0.14597479123895085,0.10915212377056016
2026-05-26,2026-05-29,85.0999984741211,85.0,0.1199199951171875,1.1711518633549067,1.3944182668555087,0.5088130609038317,0.0073557675070629715,0.000426925818940882,0.16020385213149346,0.004809360114189124,-0.0013225861579684336,0.028177387606648632,0.12796010934395885,0.09839644436136719
2026-06-25,2026-06-30,87.3499984741211,87.5,0.10735999755859375,0.9720862419480474,0.557679345161399,0.47598176651951035,-0.011046819855162248,0.00043748442634550244,-0.45257244922305984,-0.010333839069939225,0.0003234835927670357,0.033947605239087075,0.1478096825712858,0.11196166217744286
2026-07-28,2026-07-31,84.23999786376953,84.0,0.121743994140625,1.2557920246804273,0.48891871968628875,0.530378577471093,-0.024022982489407086,0.00044026300012767194,-0.6286868812174231,-0.01747490590597515,0.003425675907888089,0.026278236643840616,0.12255110041954453,0.09502432788812087
2026-08-26,2026-08-31,83.30000305175781,83.5,0.11110400390625,0.9319440722584919,0.5893980009143847,0.4670735745118508,-0.009763804452879653,0.0004404614791491124,-0.3959601649993282,-0.009222622288627094,0.00026139627020193727,0.03540985020702706,0.14460118003614753,0.10729173764980504
2026-09-25,2026-09-30,79.31999969482422,79.5,0.1536,1.2778913407009829,0.7159551024873868,0.48286343848839636,-0.019815105485533602,0.00048388756726680526,-0.4596262501967958,-0.015065753716337428,0.002290392080587339,0.025823791858467376,0.10392806959403056,0.07710865875843176
