entry_close,exit_close,days,gross,excess,net_excess
,2002-07-31,1,0.009171926025311583,0.009105179991938162,0.008705179991938162
2002-08-27,2002-08-30,3,0.010269639856271162,0.01007442874605835,0.009674428746058351
2002-09-25,2002-09-30,3,0.01178786812336563,0.011595951087024714,0.011195951087024715
2002-10-28,2002-10-31,3,0.014115558815800622,0.013937294255293109,0.01353729425529311
2002-11-25,2002-11-29,3,-0.0010685635802208937,-0.0012118640778896461,-0.001611864077889646
2002-12-26,2002-12-31,3,0.007516641273573876,0.007379531836510411,0.006979531836510411
2003-01-28,2003-01-31,3,2.220446049250313e-16,-0.0001370697494080808,-0.0005370697494080808
2003-02-25,2003-02-28,3,0.0072865502492682754,0.007146107165754589,0.006746107165754589
2003-03-26,2003-03-31,3,0.010748475111032496,0.010613865899161024,0.010213865899161024
2003-04-25,2003-04-30,3,0.0032507981069771485,0.0031180144542204413,0.002718014454220441
2003-05-27,2003-05-30,3,0.004950482029549175,0.004822500378974137,0.004422500378974137
2003-06-25,2003-06-30,3,-0.008409755707748934,-0.008513489452851575,-0.008913489452851574
2003-07-28,2003-07-31,3,-0.008442866481587541,-0.00855560881416062,-0.00895560881416062
2003-08-26,2003-08-29,3,0.0018047696988860995,0.0016890509496267914,0.0012890509496267914
2003-09-25,2003-09-30,3,0.012985271078767902,0.012875941698077709,0.01247594169807771
2003-10-28,2003-10-31,3,-0.006576558567561452,-0.006688229388744249,-0.007088229388744249
2003-11-24,2003-11-28,3,-0.0065963615691218,-0.006705452837922232,-0.007105452837922232
2003-12-26,2003-12-31,3,-0.005390544221326787,-0.005494357335255384,-0.0058943573352553845
2004-01-27,2004-01-30,3,-0.0038425720153300036,-0.003950948946189636,-0.0043509489461896365
2004-02-24,2004-02-27,3,0.003588664331236391,0.0034772316198832254,0.003077231619883225
2004-03-26,2004-03-31,3,-0.0002286720419570898,-0.00033891418788556393,-0.0007389141878855639
2004-04-27,2004-04-30,3,-0.006426025022896131,-0.006539481695366223,-0.006939481695366223
2004-05-25,2004-05-28,3,0.007667541834278202,0.007542615992893076,0.007142615992893076
2004-06-25,2004-06-30,3,0.003504274272900343,0.003349266271433171,0.002949266271433171
2004-07-27,2004-07-30,3,0.009397139425499024,0.009227725100291462,0.008827725100291462
2004-08-26,2004-08-31,3,0.006682967118336158,0.006501210074416397,0.006101210074416397
2004-09-27,2004-09-30,3,-0.008313708561539679,-0.008514079086653137,-0.008914079086653136
2004-10-26,2004-10-29,3,-0.001731722864152463,-0.0019546759358335386,-0.002354675935833539
2004-11-24,2004-11-30,3,-0.010538526540597504,-0.010794143554738511,-0.01119414355473851
2004-12-28,2004-12-31,3,0.0029574664411364804,0.002697007325625611,0.002297007325625611
2005-01-26,2005-01-31,3,0.0039828406224797774,0.0036987264125898367,0.0032987264125898365
2005-02-23,2005-02-28,3,-0.006718936361329253,-0.007033929746979362,-0.007433929746979362
2005-03-28,2005-03-31,3,0.01135893263266996,0.01102929323480617,0.01062929323480617
2005-04-26,2005-04-29,3,0.005526595163598991,0.005189930404625009,0.004789930404625009
2005-05-25,2005-05-31,3,0.006842884045850539,0.006500622780767129,0.006100622780767129
2005-06-27,2005-06-30,3,-0.001148702021101733,-0.0015127541298528557,-0.0019127541298528557
2005-07-26,2005-07-29,3,-0.0030574762890202,-0.003454314487292609,-0.0038543144872926092
2005-08-26,2005-08-31,3,0.011972301527985785,0.011558395232687868,0.011158395232687869
2005-09-27,2005-09-30,3,-0.0030701605535194965,-0.0034769617330570046,-0.003876961733057005
2005-10-26,2005-10-31,3,0.0019278213758815443,0.0014744989181558754,0.0010744989181558755
2005-11-25,2005-11-30,3,-0.0046580174480139735,-0.005117175005827201,-0.005517175005827202
2005-12-27,2005-12-30,3,-0.0015227322851019132,-0.001985144811625039,-0.0023851448116250394
2006-01-26,2006-01-31,3,-1.1102230246251565e-16,-0.0005163983746560019,-0.0009163983746560019
2006-02-23,2006-02-28,3,0.0008451177303123725,0.00031133231141233786,-8.866768858766216e-05
2006-03-28,2006-03-31,3,-0.00317697478137835,-0.0037133404870151043,-0.0041133404870151045
2006-04-25,2006-04-28,3,0.0039756675707807165,0.003421239728622849,0.003021239728622849
2006-05-25,2006-05-31,3,-0.00309841825679269,-0.0036582846102756195,-0.00405828461027562
2006-06-27,2006-06-30,3,0.004376539401735657,0.0037952760427120147,0.0033952760427120145
2006-07-26,2006-07-31,3,0.004197045949018374,0.0036078429746093654,0.0032078429746093652
2006-08-28,2006-08-31,3,0.0034068501094237646,0.002818838067313756,0.0024188380673137557
2006-09-26,2006-09-29,3,-0.0022799324392509535,-0.002845316732072223,-0.003245316732072223
2006-10-26,2006-10-31,3,0.008232817798452086,0.007642026880097408,0.007242026880097408
2006-11-27,2006-11-30,3,0.0058652454031313805,0.0052812031418159044,0.004881203141815904
2006-12-26,2006-12-29,3,-0.005441094485502229,-0.006018983524772037,-0.006418983524772037
2007-01-26,2007-01-31,3,0.003913122848465678,0.0033183621304555544,0.002918362130455554
2007-02-23,2007-02-28,3,0.008090288848963123,0.007491955277571405,0.007091955277571405
2007-03-27,2007-03-30,3,-0.0027601812209236964,-0.003345017422451191,-0.003745017422451191
2007-04-25,2007-04-30,3,0.0014428453017858445,0.0008707123977775844,0.00047071239777758434
2007-05-25,2007-05-31,3,-0.001464396586544181,-0.002025215663351121,-0.002425215663351121
2007-06-26,2007-06-29,3,0.004459269573692248,0.003905595981119614,0.0035055959811196137
2007-07-26,2007-07-31,3,0.0035230031982775856,0.002959603788224019,0.0025596037882240187
2007-08-28,2007-08-31,3,0.0014282216390297808,0.0009579099623964193,0.0005579099623964194
2007-09-25,2007-09-28,3,0.003951033279000038,0.0035178358249825514,0.0031178358249825512
2007-10-26,2007-10-31,3,-0.004829826678673044,-0.005288230027206353,-0.005688230027206353
2007-11-27,2007-11-30,3,0.00343737382766518,0.0030833638189411428,0.0026833638189411426
2007-12-26,2007-12-31,3,0.019484400322351547,0.019112131931443566,0.018712131931443565
2008-01-28,2008-01-31,3,0.0006669851516274417,0.000406645107145831,6.645107145831e-06
2008-02-26,2008-02-29,3,0.02495744572616787,0.024724888037391812,0.02432488803739181
2008-03-26,2008-03-31,3,0.004382225433049669,0.004228646147169668,0.0038286461471696677
2008-04-25,2008-04-30,3,0.006774510457357996,0.0066135891351890574,0.006213589135189057
2008-05-27,2008-05-30,3,-0.008854756173597211,-0.009075804207029803,-0.009475804207029802
2008-06-25,2008-06-30,3,0.011261067381570067,0.011059863421963412,0.010659863421963412
2008-07-28,2008-07-31,3,0.007067776155806005,0.006868755023010653,0.006468755023010653
2008-08-26,2008-08-29,3,-0.001229201824436088,-0.0014282229606238372,-0.0018282229606238372
2008-09-25,2008-09-30,3,-0.00011219665872763684,-0.000191166929968567,-0.000591166929968567
2008-10-28,2008-10-31,3,-0.008238356853267015,-0.008305421789052692,-0.008705421789052691
2008-11-24,2008-11-28,3,0.02542927530550476,0.025423719743154383,0.02502371974315438
2008-12-26,2008-12-31,3,-0.007464935965948549,-0.007469102634948599,-0.007869102634948598
2009-01-27,2009-01-30,3,-0.01976922100589318,-0.019790252896215388,-0.02019025289621539
2009-02-24,2009-02-27,3,-0.012430664399560865,-0.012464593352625952,-0.012864593352625952
2009-03-26,2009-03-31,3,0.0054139272048878695,0.005398649349559914,0.004998649349559914
2009-04-27,2009-04-30,3,-0.011919428513915364,-0.011931531736928958,-0.012331531736928957
2009-05-26,2009-05-29,3,0.005055389440330904,0.005037135361083411,0.004637135361083411
2009-06-25,2009-06-30,3,0.0007724920181098049,0.000752650617134698,0.00035265061713469803
2009-07-28,2009-07-31,3,0.014803583937143205,0.014782353628367106,0.014382353628367107
2009-08-26,2009-08-31,3,0.0025165654494854195,0.002500097105539112,0.0021000971055391117
2009-09-25,2009-09-30,3,0.0020611093795559476,0.002049204570704788,0.001649204570704788
2009-10-27,2009-10-30,3,0.005684231590082023,0.005677088716101508,0.005277088716101508
2009-11-24,2009-11-30,3,0.009545241384493197,0.00954107471221377,0.009141074712213771
2009-12-28,2009-12-31,3,-0.00040579564376508337,-0.00041333534388621196,-0.0008133353438862119
2010-01-26,2010-01-29,3,0.0012148042429380723,0.0012066693003283113,0.0008066693003283114
2010-02-23,2010-02-26,3,0.005766425182784252,0.005752933058484899,0.005352933058484899
2010-03-26,2010-03-31,3,0.0019031411924261832,0.0018870696779862417,0.0014870696779862417
2010-04-27,2010-04-30,3,0.0026524356055279696,0.0026341815265567003,0.0022341815265567
2010-05-25,2010-05-28,3,-0.007039413871263389,-0.007058461610822575,-0.007458461610822575
2010-06-25,2010-06-30,3,0.012916476830747703,0.012899810071929085,0.012499810071929086
2010-07-27,2010-07-30,3,0.012300173534461,0.012282713115487454,0.011882713115487454
2010-08-26,2010-08-31,3,0.0005039715704258096,0.00048750322647950206,8.750322647950204e-05
2010-09-27,2010-09-30,3,-0.00030287800452166724,-0.0003201400084272832,-0.0007201400084272831
2010-10-26,2010-10-29,3,0.00447442257692221,0.004459144721732589,0.004059144721732588
2010-11-24,2010-11-30,3,0.008259161073617793,0.008240906993976393,0.007840906993976394
2010-12-28,2010-12-31,3,0.014269980810318605,0.014255099784477698,0.013855099784477699
2011-01-26,2011-01-31,3,0.004390096909362651,0.004373033320131503,0.003973033320131503
2011-02-23,2011-02-28,3,0.005383556408649959,0.0053692706264001355,0.004969270626400135
2011-03-28,2011-03-31,3,-0.0020378216360658064,-0.0020485359597618436,-0.0024485359597618437
2011-04-26,2011-04-29,3,0.0029729982371820007,0.0029674426714849655,0.0025674426714849654
2011-05-25,2011-05-31,3,0.006984778300669792,0.006979817974912761,0.006579817974912761
2011-06-27,2011-06-30,3,-0.018531702352012513,-0.01853408330622741,-0.018934083306227412
2011-07-26,2011-07-29,3,0.012416582645901508,0.012408646117159527,0.012008646117159528
2011-08-26,2011-08-31,3,-0.0032901623496026655,-0.003291352826199745,-0.003691352826199745
2011-09-27,2011-09-30,3,0.006513915388165037,0.0065127249115291,0.0061127249115290995
2011-10-26,2011-10-31,3,0.007201211574727084,0.007199822685239443,0.006799822685239443
2011-11-25,2011-11-30,3,-0.007640996860936888,-0.007642187337533968,-0.008042187337533967
2011-12-27,2011-12-30,3,0.011109342590276627,0.011108747352076342,0.010708747352076343
2012-01-26,2012-01-31,3,0.01024636854171046,0.010240812975708335,0.009840812975708336
2012-02-24,2012-02-29,3,-0.00019073632536237284,-0.0002020458919216317,-0.0006020458919216317
2012-03-27,2012-03-30,3,-0.0025111769514457594,-0.002519510307687267,-0.0029195103076872673
2012-04-25,2012-04-30,3,0.005231388812120263,0.005221269730262712,0.004821269730262712
2012-05-25,2012-05-31,3,0.01259303327713246,0.012584303093136295,0.012184303093136296
2012-06-26,2012-06-29,3,0.0,-9.92066755656218e-06,-0.0004099206675565622
2012-07-26,2012-07-31,3,-0.002282558342752261,-0.002294066323612065,-0.0026940663236120653
2012-08-28,2012-08-31,3,0.007673060578352819,0.007661751011793783,0.007261751011793782
2012-09-25,2012-09-28,3,0.0020327574463530063,0.0020212494659068714,0.0016212494659068714
2012-10-24,2012-10-31,3,0.00681259300437187,0.006799894538220164,0.0063998945382201635
2012-11-27,2012-11-30,3,0.002118178490922329,0.002107583215617659,0.0017075832156176589
2012-12-26,2012-12-31,3,-0.0009294461824268518,-0.0009348033333062,-0.0013348033333062
2013-01-28,2013-01-31,3,-9.434844972611156e-05,-0.00010161037199563072,-0.0005016103719956307
2013-02-25,2013-02-28,3,-0.0009320406411790216,-0.0009449375220449419,-0.0013449375220449418
2013-03-25,2013-03-28,3,0.003458410549843638,0.0034500771938172914,0.003050077193817291
2013-04-25,2013-04-30,3,0.003041470181888828,0.0030359146158867034,0.0026359146158867032
2013-05-28,2013-05-31,3,0.0014265935229067495,0.0014226252637961068,0.0010226252637961068
2013-06-25,2013-06-28,3,0.00826317953332567,0.008256909679032143,0.007856909679032143
2013-07-26,2013-07-31,3,-0.0016637948734467,-0.0016663742405943482,-0.0020663742405943484
2013-08-27,2013-08-30,3,-0.0049552386073473675,-0.0049585322616328975,-0.005358532261632898
2013-09-25,2013-09-30,3,0.0008816224828609442,0.0008807097842524758,0.0004807097842524758
2013-10-28,2013-10-31,3,-0.0024278143935151375,-0.0024315842393042297,-0.00283158423930423
2013-11-25,2013-11-29,3,-0.000688600769263914,-0.0006961801536002898,-0.0010961801536002898
2013-12-26,2013-12-31,3,-0.002412408098251495,-0.002419273193185356,-0.0028192731931853563
2014-01-28,2014-01-31,3,0.007685145050976949,0.007681176792144528,0.007281176792144528
2014-02-25,2014-02-28,3,0.003132650903142631,0.0031280874042156626,0.0027280874042156624
2014-03-26,2014-03-31,3,-0.002451386021901758,-0.0024554733290542696,-0.00285547332905427
2014-04-25,2014-04-30,3,0.0020570598072195967,0.002056067743462009,0.001656067743462009
2014-05-27,2014-05-30,3,0.003474054525170134,0.0034706418228356295,0.0030706418228356293
2014-06-25,2014-06-30,3,0.003390811856707643,0.003388311854678472,0.0029883118546784717
2014-07-28,2014-07-31,3,-0.005974244974836673,-0.005977459264073226,-0.006377459264073226
2014-08-26,2014-08-29,3,0.004211668184697537,0.004208811039099203,0.0038088110390992027
2014-09-25,2014-09-30,3,0.00019400460802132535,0.0001934093698210404,-0.00020659063017895962
2014-10-28,2014-10-31,3,-0.003888996190124727,-0.0038903057144046294,-0.0042903057144046295
2014-11-24,2014-11-28,3,0.008069283703917796,0.008067974179648552,0.007667974179648551
2014-12-26,2014-12-31,3,0.0056925667472196295,0.005691257222979029,0.005291257222979029
2015-01-27,2015-01-30,3,0.012919330197917356,0.012917623847819248,0.012517623847819249
2015-02-24,2015-02-27,3,-0.001484298489247582,-0.0014861238871402005,-0.0018861238871402005
2015-03-26,2015-03-31,3,0.006406465192662747,0.006403250903515678,0.006003250903515678
2015-04-27,2015-04-30,3,-0.008575261112279353,-0.008576411906341397,-0.008976411906341396
2015-05-26,2015-05-29,3,0.0009366214823216534,0.0009355897359739629,0.0005355897359739629
2015-06-25,2015-06-30,3,0.004015932372966935,0.00401533713476665,0.00361533713476665
2015-07-28,2015-07-31,3,0.005573417076817577,0.0055675440495073225,0.005167544049507322
2015-08-26,2015-08-31,3,-0.0020639776598235793,-0.0020701284661196473,-0.0024701284661196475
2015-09-25,2015-09-30,3,0.009356885369811385,0.00935545679782357,0.00895545679782357
2015-10-27,2015-10-30,3,-0.009349246989144744,-0.009353135882312458,-0.009753135882312457
2015-11-24,2015-11-30,3,0.0019777511779606183,0.001958385974165644,0.001558385974165644
2015-12-28,2015-12-31,3,-0.003773597455900446,-0.003797407168163125,-0.004197407168163125
2016-01-26,2016-01-29,3,0.007386164283460062,0.007349735269351454,0.006949735269351454
2016-02-24,2016-02-29,3,-0.00027228406370893854,-0.00030910991263877197,-0.0007091099126387719
2016-03-28,2016-03-31,3,0.009053846641493557,0.009027457522752913,0.008627457522752914
2016-04-26,2016-04-29,3,0.008619212430459156,0.008591434396004072,0.008191434396004072
2016-05-25,2016-05-31,3,0.0023747023285509705,0.0023394638195841644,0.0019394638195841644
2016-06-27,2016-06-30,3,-0.00203219966827628,-0.0020619618674290185,-0.0024619618674290187
2016-07-26,2016-07-29,3,0.008653072448993271,0.008620889567725332,0.008220889567725332
2016-08-26,2016-08-31,3,0.002871411203461127,0.0028343075700896225,0.0024343075700896223
2016-09-27,2016-09-30,3,-0.002318687814144571,-0.002348569064063888,-0.002748569064063888
2016-10-26,2016-10-31,3,-0.0024475754844336395,-0.0024817425394790815,-0.0028817425394790817
2016-11-25,2016-11-30,3,-0.00113878148183022,-0.0011942586967161883,-0.0015942586967161883
2016-12-27,2016-12-30,3,0.00972981933010808,0.00967307222628877,0.009273072226288771
2017-01-26,2017-01-31,3,0.00439799438353039,0.004339223390750657,0.003939223390750657
2017-02-23,2017-02-28,3,0.0005685179219199199,0.0005095485088359997,0.00010954850883599965
2017-03-28,2017-03-31,3,0.001992361657487507,0.0019016446283350863,0.0015016446283350863
2017-04-25,2017-04-28,3,0.004334264094550511,0.004239181715210094,0.003839181715210094
2017-05-25,2017-05-31,3,0.003647193791136649,0.0035389359147517396,0.0031389359147517394
2017-06-27,2017-06-30,3,-0.006986150045401374,-0.007104329305358759,-0.007504329305358759
2017-07-26,2017-07-31,3,0.0003748064013755492,0.00024678506822706225,-0.00015321493177293776
2017-08-28,2017-08-31,3,0.003058088591370245,0.002938520333703787,0.0025385203337037867
2017-09-26,2017-09-29,3,-0.006528586891314081,-0.006652044350123232,-0.007052044350123232
2017-10-26,2017-10-31,3,0.006160208621484475,0.006032107912089746,0.005632107912089746
2017-11-27,2017-11-30,3,-0.006111919415125677,-0.006260577575830983,-0.006660577575830984
2017-12-26,2017-12-29,3,0.004663609642318267,0.00450165646133982,0.00410165646133982
2018-01-26,2018-01-31,3,-0.004528935676434753,-0.004695135356721836,-0.005095135356721836
2018-02-23,2018-02-28,3,0.0003912864797261939,0.00019889318873289596,-0.00020110681126710405
2018-03-26,2018-03-29,3,0.0075181316317416425,0.007314427320537886,0.006914427320537886
2018-04-25,2018-04-30,3,0.005636318639359761,0.0054232082650167435,0.005023208265016743
2018-05-25,2018-05-31,3,0.0059859116326730355,0.0057648239094936216,0.005364823909493621
2018-06-26,2018-06-29,3,0.002053008954987723,0.0018286667839853,0.0014286667839853
2018-07-26,2018-07-31,3,0.0016733397158497088,0.0014417742186636495,0.0010417742186636496
2018-08-28,2018-08-31,3,0.001758009408124872,0.001511322456474451,0.001111322456474451
2018-09-25,2018-09-28,3,0.0037700206970836536,0.003513332063969976,0.003113332063969976
2018-10-26,2018-10-31,3,-0.004746375442893025,-0.005016876019077077,-0.005416876019077077
2018-11-27,2018-11-30,3,0.004441239603389047,0.004163515488871727,0.0037635154888717272
2018-12-26,2018-12-31,3,0.011749068456464506,0.011469042314166122,0.011069042314166123
2019-01-28,2019-01-31,3,0.009820645475632217,0.009540341513804007,0.009140341513804008
2019-02-25,2019-02-28,3,-0.003159746877787195,-0.0034449327087983095,-0.0038449327087983097
2019-03-26,2019-03-29,3,0.0014083385388452552,0.0011244624802331238,0.0007244624802331238
2019-04-25,2019-04-30,3,0.0025555768423708436,0.002274399707268948,0.0018743997072689482
2019-05-28,2019-05-31,3,0.009922164258642674,0.009648091599425035,0.009248091599425036
2019-06-25,2019-06-28,3,-0.0006357586977987495,-0.0008842316522150728,-0.0012842316522150728
2019-07-26,2019-07-31,3,0.003928612602626336,0.003684426068021107,0.003284426068021107
2019-08-27,2019-08-30,3,-0.0013138490692531368,-0.0015449382991926663,-0.0019449382991926663
2019-09-25,2019-09-30,3,0.0043757428692070555,0.004163624702563595,0.003763624702563595
2019-10-28,2019-10-31,3,0.01214440236485781,0.011954112515305315,0.011554112515305316
2019-11-25,2019-11-29,3,-0.0015211179933125596,-0.0017066453412397653,-0.0021066453412397655
2019-12-26,2019-12-31,3,-0.002804675042148208,-0.0029849636520076217,-0.003384963652007622
2020-01-28,2020-01-31,3,0.01081372344973186,0.010632045783967037,0.010232045783967037
2020-02-25,2020-02-28,3,0.015589860676064271,0.015416715766151334,0.015016715766151335
2020-03-26,2020-03-31,3,0.01157497056672896,0.01158092294122115,0.01118092294122115
2020-04-27,2020-04-30,3,0.0014819268564993937,0.0014712918979247203,0.0010712918979247203
2020-05-26,2020-05-29,3,0.0031258733687673512,0.003110357415583076,0.002710357415583076
2020-06-25,2020-06-30,3,0.0018910019049749316,0.0018756050007200376,0.0014756050007200376
2020-07-28,2020-07-31,3,0.002939953806386564,0.0029289220197419308,0.0025289220197419306
2020-08-26,2020-08-31,3,-0.0008223044945040447,-0.0008335346952635936,-0.0012335346952635935
2020-09-25,2020-09-30,3,-0.002129731528315526,-0.00214016807270756,-0.0025401680727075602
2020-10-27,2020-10-30,3,-0.007522324222616117,-0.007532760766992386,-0.007932760766992385
2020-11-24,2020-11-30,3,0.00266464677834799,0.0026554007183154926,0.0022554007183154924
2020-12-28,2020-12-31,3,0.001168459262670618,0.0011589354229870619,0.0007589354229870619
2021-01-26,2021-01-29,3,-0.003193109283398443,-0.0032003712057527833,-0.0036003712057527835
2021-02-23,2021-02-26,3,-0.0058395554138398476,-0.005842888750866471,-0.006242888750866471
2021-03-26,2021-03-31,3,-0.005722771337706156,-0.005724199909806771,-0.006124199909806771
2021-04-27,2021-04-30,3,0.000439038855291507,0.00043800710888608485,3.800710888608483e-05
2021-05-25,2021-05-28,3,-0.0029635164728483154,-0.0029643101238212566,-0.0033643101238212568
2021-06-25,2021-06-30,3,0.005222172717926243,0.005217291757621867,0.004817291757621867
2021-07-27,2021-07-30,3,0.000594855962042562,0.0005896972229197939,0.00018969722291979385
2021-08-26,2021-08-31,3,0.003339706265419906,0.0033347856223739925,0.0029347856223739923
2021-09-27,2021-09-30,3,-0.0015602356883839263,-0.0015636087079979877,-0.001963608707997988
2021-10-26,2021-10-29,3,0.0034140896957344236,0.003408216668290054,0.0030082166682900537
2021-11-24,2021-11-30,3,0.016680919860940335,0.01667572143925211,0.01627572143925211
2021-12-28,2021-12-31,3,-0.0029477687960749455,-0.0029525307082353125,-0.0033525307082353127
2022-01-26,2022-01-31,3,0.006527156282073454,0.006505886290119944,0.006105886290119944
2022-02-23,2022-02-28,3,0.013468441409322462,0.013431893346253831,0.013031893346253832
2022-03-28,2022-03-31,3,0.010816056721002054,0.010753039525220887,0.010353039525220887
2022-04-26,2022-04-29,3,-0.012297170049482165,-0.012393442981499025,-0.012793442981499025
2022-05-25,2022-05-31,3,-0.009491035782740909,-0.009613977325595435,-0.010013977325595435
2022-06-27,2022-06-30,3,0.017100720594250163,0.016899278498822,0.016499278498822
2022-07-26,2022-07-29,3,0.012320394730368722,0.012036002711061533,0.011636002711061534
2022-08-26,2022-08-31,3,-0.01010058484335108,-0.01043498718984659,-0.010834987189846589
2022-09-27,2022-09-30,3,0.015122276118100242,0.014737385480775744,0.014337385480775745
2022-10-26,2022-10-31,3,-0.0026408925870663458,-0.0031104105003002536,-0.0035104105003002537
2022-11-25,2022-11-30,3,0.005148356456073255,0.00464783646507283,0.00424783646507283
2022-12-27,2022-12-30,3,-0.0016681515261243174,-0.002177285520797989,-0.0025772855207979893
2023-01-26,2023-01-31,3,0.0004034549730020931,-0.00013735677293524873,-0.0005373567729352487
2023-02-23,2023-02-28,3,-0.0014601578319218822,-0.00201811871896862,-0.0024181187189686202
2023-03-28,2023-03-31,3,0.005273686764719621,0.004721085012674653,0.004321085012674653
2023-04-25,2023-04-28,3,-0.002998806466717352,-0.0035917013878260518,-0.003991701387826052
2023-05-25,2023-05-31,3,0.013540268096897456,0.012928198819395442,0.012528198819395443
2023-06-27,2023-06-30,3,-0.0041237400953799686,-0.004739938051026682,-0.005139938051026682
2023-07-26,2023-07-31,3,-0.006434259961087152,-0.007061017855902518,-0.0074610178559025185
2023-08-28,2023-08-31,3,0.00904724691642067,0.008413859261321877,0.008013859261321877
2023-09-26,2023-09-29,3,-0.001526393593994757,-0.0021599797310069,-0.0025599797310069004
2023-10-26,2023-10-31,3,-0.003891354291064353,-0.004523153976707661,-0.004923153976707661
2023-11-27,2023-11-30,3,0.004732681320561483,0.004107233514826003,0.003707233514826003
2023-12-26,2023-12-29,3,0.001454587381226169,0.000833188867288337,0.00043318886728833695
2024-01-26,2024-01-31,3,0.01579623718931189,0.015176942737156418,0.014776942737156419
2024-02-26,2024-02-29,3,0.003407714844276377,0.0027831801265885137,0.0023831801265885135
2024-03-25,2024-03-28,3,0.004350047430062176,0.003728847415140679,0.003328847415140679
2024-04-25,2024-04-30,3,0.0020822761166918724,0.001458098683516873,0.001058098683516873
2024-05-28,2024-05-31,3,0.004763820759613457,0.004138849327025351,0.003738849327025351
2024-06-25,2024-06-28,3,-0.009099368107527095,-0.009721560600837398,-0.010121560600837397
2024-07-26,2024-07-31,3,0.01115692862413753,0.010544224155307758,0.010144224155307758
2024-08-27,2024-08-30,3,-0.0057358466980668155,-0.0063267567025917515,-0.006726756702591752
2024-09-25,2024-09-30,3,0.0005097756734171455,-2.3533382224938393e-05,-0.0004235333822249384
2024-10-28,2024-10-31,3,-0.0015844226329624345,-0.0021172553255639492,-0.0025172553255639494
2024-11-25,2024-11-29,3,0.00613044635214588,0.00560714079356428,0.00520714079356428
2024-12-26,2024-12-31,3,0.0014079117387912898,0.0009088207840000084,0.0005088207840000085
2025-01-28,2025-01-31,3,-0.0006448776043883608,-0.0011433731290892979,-0.0015433731290892979
2025-02-25,2025-02-28,3,0.007078899544837647,0.006580007072714222,0.006180007072714222
2025-03-26,2025-03-31,3,0.010168565542125751,0.009669831841357501,0.009269831841357502
2025-04-25,2025-04-30,3,0.00903289609510205,0.008533765465729148,0.008133765465729149
2025-05-27,2025-05-30,3,0.004353958212721887,0.003851572519059321,0.0034515725190593207
2025-06-25,2025-06-30,3,0.004931441744266518,0.004432231710258527,0.004032231710258527
2025-07-28,2025-07-31,3,0.003914028324629726,0.003410094491152371,0.003010094491152371
2025-08-26,2025-08-29,3,0.003339256216423392,0.0028542572032448366,0.0024542572032448364
2025-09-25,2025-09-30,3,0.001973366251981412,0.0015127400008314584,0.0011127400008314585
2025-10-28,2025-10-31,3,-0.007481035988870954,-0.007925824140406879,-0.008325824140406878
2025-11-24,2025-11-28,3,0.0016437597463399012,0.0011986540346280439,0.0007986540346280439
2025-12-26,2025-12-31,3,-0.002903355274505026,-0.0033248827451102247,-0.003724882745110225
2026-01-27,2026-01-30,3,-0.0004168698804958293,-0.0008428033501095555,-0.0012428033501095555
2026-02-24,2026-02-27,3,0.005850888088695827,0.005423684404619156,0.0050236844046191555
2026-03-26,2026-03-31,3,0.008985959381682784,0.008556334376718988,0.008156334376718989
2026-04-27,2026-04-30,3,-0.003775774637764684,-0.00420321646764199,-0.0046032164676419905
2026-05-26,2026-05-29,3,0.003924551798486053,0.0034976259795451714,0.0030976259795451712
2026-06-25,2026-06-30,3,-0.002320998224264681,-0.0027584826506101834,-0.0031584826506101836
2026-07-28,2026-07-31,3,-0.006519862499641649,-0.006960125499769321,-0.007360125499769321
2026-08-26,2026-08-31,3,-0.006215237400827078,-0.006655698879976191,-0.007055698879976191
2026-09-25,2026-09-30,3,-0.007666683962902154,-0.00815057153016896,-0.008550571530168959
